<?xml version="1.0" encoding="UTF-8"?>
<gpx xmlns:xsi="http://www.w3.org/2001/XMLSchema-instance" xsi:schemaLocation="http://www.topografix.com/GPX/1/1 http://www.topografix.com/GPX/1/1/gpx.xsd http://www.garmin.com/xmlschemas/GpxExtensions/v3 http://www.garmin.com/xmlschemas/GpxExtensionsv3.xsd http://www.garmin.com/xmlschemas/TrackPointExtension/v1 http://www.garmin.com/xmlschemas/TrackPointExtensionv1.xsd" creator="StravaGPX" version="1.1" xmlns="http://www.topografix.com/GPX/1/1" xmlns:gpxtpx="http://www.garmin.com/xmlschemas/TrackPointExtension/v1" xmlns:gpxx="http://www.garmin.com/xmlschemas/GpxExtensions/v3">
 <metadata>
  <time>2026-09-22T11:12:08Z</time>
 </metadata>
 <trk>
  <name>Çıralı Afternoon Sail</name>
  <type>Sail</type>
  <trkseg>
   <trkpt lat="36.4067561" lon="30.4866348">
    <ele>0.7</ele>
    <time>2026-09-22T11:12:08Z</time>
    <extensions>
     <gpxtpx:TrackPointExtension>
      <gpxtpx:atemp>30</gpxtpx:atemp>
      <gpxtpx:hr>95</gpxtpx:hr>
     </gpxtpx:TrackPointExtension>
    </extensions>
   </trkpt>
   <trkpt lat="36.4067521" lon="30.4866455">
    <ele>-0.6</ele>
    <time>2026-09-22T11:12:11Z</time>
    <extensions>
     <gpxtpx:TrackPointExtension>
      <gpxtpx:atemp>30</gpxtpx:atemp>
      <gpxtpx:hr>99</gpxtpx:hr>
     </gpxtpx:TrackPointExtension>
    </extensions>
   </trkpt>
   <trkpt lat="36.4067438" lon="30.4866540">
    <ele>0.2</ele>
    <time>2026-09-22T11:12:16Z</time>
    <extensions>
     <gpxtpx:TrackPointExtension>
      <gpxtpx:atemp>30</gpxtpx:atemp>
      <gpxtpx:hr>102</gpxtpx:hr>
     </gpxtpx:TrackPointExtension>
    </extensions>
   </trkpt>
   <trkpt lat="36.4067139" lon="30.4866653">
    <ele>-0.0</ele>
    <time>2026-09-22T11:12:22Z</time>
    <extensions>
     <gpxtpx:TrackPointExtension>
      <gpxtpx:atemp>30</gpxtpx:atemp>
      <gpxtpx:hr>103</gpxtpx:hr>
     </gpxtpx:TrackPointExtension>
    </extensions>
   </trkpt>
   <trkpt lat="36.4066690" lon="30.4866782">
    <ele>-0.0</ele>
    <time>2026-09-22T11:12:28Z</time>
    <extensions>
     <gpxtpx:TrackPointExtension>
      <gpxtpx:atemp>30</gpxtpx:atemp>
      <gpxtpx:hr>106</gpxtpx:hr>
     </gpxtpx:TrackPointExtension>
    </extensions>
   </trkpt>
   <trkpt lat="36.4066369" lon="30.4867024">
    <ele>-0.4</ele>
    <time>2026-09-22T11:12:33Z</time>
    <extensions>
     <gpxtpx:TrackPointExtension>
      <gpxtpx:atemp>30</gpxtpx:atemp>
      <gpxtpx:hr>106</gpxtpx:hr>
     </gpxtpx:TrackPointExtension>
    </extensions>
   </trkpt>
   <trkpt lat="36.4066261" lon="30.4867284">
    <ele>-0.3</ele>
    <time>2026-09-22T11:12:38Z</time>
    <extensions>
     <gpxtpx:TrackPointExtension>
      <gpxtpx:atemp>30</gpxtpx:atemp>
      <gpxtpx:hr>108</gpxtpx:hr>
     </gpxtpx:TrackPointExtension>
    </extensions>
   </trkpt>
   <trkpt lat="36.4066276" lon="30.4867447">
    <ele>-0.3</ele>
    <time>2026-09-22T11:12:41Z</time>
    <extensions>
     <gpxtpx:TrackPointExtension>
      <gpxtpx:atemp>30</gpxtpx:atemp>
      <gpxtpx:hr>109</gpxtpx:hr>
     </gpxtpx:TrackPointExtension>
    </extensions>
   </trkpt>
   <trkpt lat="36.4066374" lon="30.4867853">
    <ele>0.8</ele>
    <time>2026-09-22T11:12:45Z</time>
    <extensions>
     <gpxtpx:TrackPointExtension>
      <gpxtpx:atemp>30</gpxtpx:atemp>
      <gpxtpx:hr>110</gpxtpx:hr>
     </gpxtpx:TrackPointExtension>
    </extensions>
   </trkpt>
   <trkpt lat="36.4066507" lon="30.4868205">
    <ele>-0.1</ele>
    <time>2026-09-22T11:12:49Z</time>
    <extensions>
     <gpxtpx:TrackPointExtension>
      <gpxtpx:atemp>30</gpxtpx:atemp>
      <gpxtpx:hr>112</gpxtpx:hr>
     </gpxtpx:TrackPointExtension>
    </extensions>
   </trkpt>
   <trkpt lat="36.4066560" lon="30.4868657">
    <ele>-0.2</ele>
    <time>2026-09-22T11:12:53Z</time>
    <extensions>
     <gpxtpx:TrackPointExtension>
      <gpxtpx:atemp>30</gpxtpx:atemp>
      <gpxtpx:hr>112</gpxtpx:hr>
     </gpxtpx:TrackPointExtension>
    </extensions>
   </trkpt>
   <trkpt lat="36.4066692" lon="30.4869071">
    <ele>-0.0</ele>
    <time>2026-09-22T11:12:57Z</time>
    <extensions>
     <gpxtpx:TrackPointExtension>
      <gpxtpx:atemp>30</gpxtpx:atemp>
      <gpxtpx:hr>113</gpxtpx:hr>
     </gpxtpx:TrackPointExtension>
    </extensions>
   </trkpt>
   <trkpt lat="36.4066753" lon="30.4869655">
    <ele>-0.5</ele>
    <time>2026-09-22T11:13:02Z</time>
    <extensions>
     <gpxtpx:TrackPointExtension>
      <gpxtpx:atemp>30</gpxtpx:atemp>
      <gpxtpx:hr>114</gpxtpx:hr>
     </gpxtpx:TrackPointExtension>
    </extensions>
   </trkpt>
   <trkpt lat="36.4066887" lon="30.4870240">
    <ele>0.6</ele>
    <time>2026-09-22T11:13:07Z</time>
    <extensions>
     <gpxtpx:TrackPointExtension>
      <gpxtpx:atemp>30</gpxtpx:atemp>
      <gpxtpx:hr>112</gpxtpx:hr>
     </gpxtpx:TrackPointExtension>
    </extensions>
   </trkpt>
   <trkpt lat="36.4066991" lon="30.4870981">
    <ele>-0.7</ele>
    <time>2026-09-22T11:13:13Z</time>
    <extensions>
     <gpxtpx:TrackPointExtension>
      <gpxtpx:atemp>30</gpxtpx:atemp>
      <gpxtpx:hr>114</gpxtpx:hr>
     </gpxtpx:TrackPointExtension>
    </extensions>
   </trkpt>
   <trkpt lat="36.4067048" lon="30.4871360">
    <ele>0.3</ele>
    <time>2026-09-22T11:13:16Z</time>
    <extensions>
     <gpxtpx:TrackPointExtension>
      <gpxtpx:atemp>30</gpxtpx:atemp>
      <gpxtpx:hr>116</gpxtpx:hr>
     </gpxtpx:TrackPointExtension>
    </extensions>
   </trkpt>
   <trkpt lat="36.4067154" lon="30.4871959">
    <ele>-0.6</ele>
    <time>2026-09-22T11:13:21Z</time>
    <extensions>
     <gpxtpx:TrackPointExtension>
      <gpxtpx:atemp>30</gpxtpx:atemp>
      <gpxtpx:hr>114</gpxtpx:hr>
     </gpxtpx:TrackPointExtension>
    </extensions>
   </trkpt>
   <trkpt lat="36.4067286" lon="30.4872721">
    <ele>-0.0</ele>
    <time>2026-09-22T11:13:27Z</time>
    <extensions>
     <gpxtpx:TrackPointExtension>
      <gpxtpx:atemp>30</gpxtpx:atemp>
      <gpxtpx:hr>112</gpxtpx:hr>
     </gpxtpx:TrackPointExtension>
    </extensions>
   </trkpt>
   <trkpt lat="36.4067384" lon="30.4873294">
    <ele>0.8</ele>
    <time>2026-09-22T11:13:32Z</time>
    <extensions>
     <gpxtpx:TrackPointExtension>
      <gpxtpx:atemp>30</gpxtpx:atemp>
      <gpxtpx:hr>112</gpxtpx:hr>
     </gpxtpx:TrackPointExtension>
    </extensions>
   </trkpt>
   <trkpt lat="36.4067434" lon="30.4873642">
    <ele>0.3</ele>
    <time>2026-09-22T11:13:35Z</time>
    <extensions>
     <gpxtpx:TrackPointExtension>
      <gpxtpx:atemp>30</gpxtpx:atemp>
      <gpxtpx:hr>111</gpxtpx:hr>
     </gpxtpx:TrackPointExtension>
    </extensions>
   </trkpt>
   <trkpt lat="36.4067520" lon="30.4874111">
    <ele>-0.4</ele>
    <time>2026-09-22T11:13:39Z</time>
    <extensions>
     <gpxtpx:TrackPointExtension>
      <gpxtpx:atemp>30</gpxtpx:atemp>
      <gpxtpx:hr>109</gpxtpx:hr>
     </gpxtpx:TrackPointExtension>
    </extensions>
   </trkpt>
   <trkpt lat="36.4067604" lon="30.4874613">
    <ele>0.4</ele>
    <time>2026-09-22T11:13:43Z</time>
    <extensions>
     <gpxtpx:TrackPointExtension>
      <gpxtpx:atemp>30</gpxtpx:atemp>
      <gpxtpx:hr>108</gpxtpx:hr>
     </gpxtpx:TrackPointExtension>
    </extensions>
   </trkpt>
   <trkpt lat="36.4067684" lon="30.4875088">
    <ele>-0.1</ele>
    <time>2026-09-22T11:13:47Z</time>
    <extensions>
     <gpxtpx:TrackPointExtension>
      <gpxtpx:atemp>30</gpxtpx:atemp>
      <gpxtpx:hr>106</gpxtpx:hr>
     </gpxtpx:TrackPointExtension>
    </extensions>
   </trkpt>
   <trkpt lat="36.4067728" lon="30.4875436">
    <ele>0.9</ele>
    <time>2026-09-22T11:13:50Z</time>
    <extensions>
     <gpxtpx:TrackPointExtension>
      <gpxtpx:atemp>30</gpxtpx:atemp>
      <gpxtpx:hr>106</gpxtpx:hr>
     </gpxtpx:TrackPointExtension>
    </extensions>
   </trkpt>
   <trkpt lat="36.4067986" lon="30.4876796">
    <ele>-0.8</ele>
    <time>2026-09-22T11:14:01Z</time>
    <extensions>
     <gpxtpx:TrackPointExtension>
      <gpxtpx:atemp>30</gpxtpx:atemp>
      <gpxtpx:hr>107</gpxtpx:hr>
     </gpxtpx:TrackPointExtension>
    </extensions>
   </trkpt>
   <trkpt lat="36.4068057" lon="30.4877282">
    <ele>1.4</ele>
    <time>2026-09-22T11:14:05Z</time>
    <extensions>
     <gpxtpx:TrackPointExtension>
      <gpxtpx:atemp>30</gpxtpx:atemp>
      <gpxtpx:hr>106</gpxtpx:hr>
     </gpxtpx:TrackPointExtension>
    </extensions>
   </trkpt>
   <trkpt lat="36.4068212" lon="30.4877913">
    <ele>-0.2</ele>
    <time>2026-09-22T11:14:10Z</time>
    <extensions>
     <gpxtpx:TrackPointExtension>
      <gpxtpx:atemp>30</gpxtpx:atemp>
      <gpxtpx:hr>104</gpxtpx:hr>
     </gpxtpx:TrackPointExtension>
    </extensions>
   </trkpt>
   <trkpt lat="36.4068340" lon="30.4878506">
    <ele>-0.6</ele>
    <time>2026-09-22T11:14:15Z</time>
    <extensions>
     <gpxtpx:TrackPointExtension>
      <gpxtpx:atemp>30</gpxtpx:atemp>
      <gpxtpx:hr>107</gpxtpx:hr>
     </gpxtpx:TrackPointExtension>
    </extensions>
   </trkpt>
   <trkpt lat="36.4068551" lon="30.4879279">
    <ele>-0.9</ele>
    <time>2026-09-22T11:14:21Z</time>
    <extensions>
     <gpxtpx:TrackPointExtension>
      <gpxtpx:atemp>30</gpxtpx:atemp>
      <gpxtpx:hr>106</gpxtpx:hr>
     </gpxtpx:TrackPointExtension>
    </extensions>
   </trkpt>
   <trkpt lat="36.4068670" lon="30.4879890">
    <ele>0.8</ele>
    <time>2026-09-22T11:14:26Z</time>
    <extensions>
     <gpxtpx:TrackPointExtension>
      <gpxtpx:atemp>30</gpxtpx:atemp>
      <gpxtpx:hr>104</gpxtpx:hr>
     </gpxtpx:TrackPointExtension>
    </extensions>
   </trkpt>
   <trkpt lat="36.4068818" lon="30.4880464">
    <ele>0.2</ele>
    <time>2026-09-22T11:14:31Z</time>
    <extensions>
     <gpxtpx:TrackPointExtension>
      <gpxtpx:atemp>30</gpxtpx:atemp>
      <gpxtpx:hr>104</gpxtpx:hr>
     </gpxtpx:TrackPointExtension>
    </extensions>
   </trkpt>
   <trkpt lat="36.4068902" lon="30.4881089">
    <ele>0.1</ele>
    <time>2026-09-22T11:14:36Z</time>
    <extensions>
     <gpxtpx:TrackPointExtension>
      <gpxtpx:atemp>30</gpxtpx:atemp>
      <gpxtpx:hr>103</gpxtpx:hr>
     </gpxtpx:TrackPointExtension>
    </extensions>
   </trkpt>
   <trkpt lat="36.4069026" lon="30.4881694">
    <ele>-0.3</ele>
    <time>2026-09-22T11:14:41Z</time>
    <extensions>
     <gpxtpx:TrackPointExtension>
      <gpxtpx:atemp>30</gpxtpx:atemp>
      <gpxtpx:hr>104</gpxtpx:hr>
     </gpxtpx:TrackPointExtension>
    </extensions>
   </trkpt>
   <trkpt lat="36.4069090" lon="30.4882114">
    <ele>-0.1</ele>
    <time>2026-09-22T11:14:45Z</time>
    <extensions>
     <gpxtpx:TrackPointExtension>
      <gpxtpx:atemp>30</gpxtpx:atemp>
      <gpxtpx:hr>104</gpxtpx:hr>
     </gpxtpx:TrackPointExtension>
    </extensions>
   </trkpt>
   <trkpt lat="36.4069178" lon="30.4882586">
    <ele>0.0</ele>
    <time>2026-09-22T11:14:49Z</time>
    <extensions>
     <gpxtpx:TrackPointExtension>
      <gpxtpx:atemp>30</gpxtpx:atemp>
      <gpxtpx:hr>104</gpxtpx:hr>
     </gpxtpx:TrackPointExtension>
    </extensions>
   </trkpt>
   <trkpt lat="36.4069236" lon="30.4882931">
    <ele>-0.4</ele>
    <time>2026-09-22T11:14:52Z</time>
    <extensions>
     <gpxtpx:TrackPointExtension>
      <gpxtpx:atemp>30</gpxtpx:atemp>
      <gpxtpx:hr>104</gpxtpx:hr>
     </gpxtpx:TrackPointExtension>
    </extensions>
   </trkpt>
   <trkpt lat="36.4069317" lon="30.4883413">
    <ele>0.2</ele>
    <time>2026-09-22T11:14:56Z</time>
    <extensions>
     <gpxtpx:TrackPointExtension>
      <gpxtpx:atemp>30</gpxtpx:atemp>
      <gpxtpx:hr>103</gpxtpx:hr>
     </gpxtpx:TrackPointExtension>
    </extensions>
   </trkpt>
   <trkpt lat="36.4069421" lon="30.4884004">
    <ele>-0.6</ele>
    <time>2026-09-22T11:15:01Z</time>
    <extensions>
     <gpxtpx:TrackPointExtension>
      <gpxtpx:atemp>30</gpxtpx:atemp>
      <gpxtpx:hr>103</gpxtpx:hr>
     </gpxtpx:TrackPointExtension>
    </extensions>
   </trkpt>
   <trkpt lat="36.4069542" lon="30.4884611">
    <ele>0.9</ele>
    <time>2026-09-22T11:15:06Z</time>
    <extensions>
     <gpxtpx:TrackPointExtension>
      <gpxtpx:atemp>30</gpxtpx:atemp>
      <gpxtpx:hr>102</gpxtpx:hr>
     </gpxtpx:TrackPointExtension>
    </extensions>
   </trkpt>
   <trkpt lat="36.4069619" lon="30.4885070">
    <ele>0.5</ele>
    <time>2026-09-22T11:15:10Z</time>
    <extensions>
     <gpxtpx:TrackPointExtension>
      <gpxtpx:atemp>30</gpxtpx:atemp>
      <gpxtpx:hr>103</gpxtpx:hr>
     </gpxtpx:TrackPointExtension>
    </extensions>
   </trkpt>
   <trkpt lat="36.4069734" lon="30.4885617">
    <ele>0.0</ele>
    <time>2026-09-22T11:15:14Z</time>
    <extensions>
     <gpxtpx:TrackPointExtension>
      <gpxtpx:atemp>30</gpxtpx:atemp>
      <gpxtpx:hr>104</gpxtpx:hr>
     </gpxtpx:TrackPointExtension>
    </extensions>
   </trkpt>
   <trkpt lat="36.4069804" lon="30.4886033">
    <ele>-0.5</ele>
    <time>2026-09-22T11:15:17Z</time>
    <extensions>
     <gpxtpx:TrackPointExtension>
      <gpxtpx:atemp>30</gpxtpx:atemp>
      <gpxtpx:hr>104</gpxtpx:hr>
     </gpxtpx:TrackPointExtension>
    </extensions>
   </trkpt>
   <trkpt lat="36.4069856" lon="30.4886384">
    <ele>0.2</ele>
    <time>2026-09-22T11:15:20Z</time>
    <extensions>
     <gpxtpx:TrackPointExtension>
      <gpxtpx:atemp>30</gpxtpx:atemp>
      <gpxtpx:hr>103</gpxtpx:hr>
     </gpxtpx:TrackPointExtension>
    </extensions>
   </trkpt>
   <trkpt lat="36.4069941" lon="30.4887076">
    <ele>-0.6</ele>
    <time>2026-09-22T11:15:26Z</time>
    <extensions>
     <gpxtpx:TrackPointExtension>
      <gpxtpx:atemp>30</gpxtpx:atemp>
      <gpxtpx:hr>101</gpxtpx:hr>
     </gpxtpx:TrackPointExtension>
    </extensions>
   </trkpt>
   <trkpt lat="36.4070027" lon="30.4887549">
    <ele>-0.1</ele>
    <time>2026-09-22T11:15:30Z</time>
    <extensions>
     <gpxtpx:TrackPointExtension>
      <gpxtpx:atemp>30</gpxtpx:atemp>
      <gpxtpx:hr>99</gpxtpx:hr>
     </gpxtpx:TrackPointExtension>
    </extensions>
   </trkpt>
   <trkpt lat="36.4070076" lon="30.4888041">
    <ele>1.1</ele>
    <time>2026-09-22T11:15:34Z</time>
    <extensions>
     <gpxtpx:TrackPointExtension>
      <gpxtpx:atemp>30</gpxtpx:atemp>
      <gpxtpx:hr>100</gpxtpx:hr>
     </gpxtpx:TrackPointExtension>
    </extensions>
   </trkpt>
   <trkpt lat="36.4070220" lon="30.4888761">
    <ele>-0.3</ele>
    <time>2026-09-22T11:15:40Z</time>
    <extensions>
     <gpxtpx:TrackPointExtension>
      <gpxtpx:atemp>30</gpxtpx:atemp>
      <gpxtpx:hr>100</gpxtpx:hr>
     </gpxtpx:TrackPointExtension>
    </extensions>
   </trkpt>
   <trkpt lat="36.4070233" lon="30.4889100">
    <ele>0.6</ele>
    <time>2026-09-22T11:15:43Z</time>
    <extensions>
     <gpxtpx:TrackPointExtension>
      <gpxtpx:atemp>30</gpxtpx:atemp>
      <gpxtpx:hr>100</gpxtpx:hr>
     </gpxtpx:TrackPointExtension>
    </extensions>
   </trkpt>
   <trkpt lat="36.4070359" lon="30.4889750">
    <ele>-0.8</ele>
    <time>2026-09-22T11:15:48Z</time>
    <extensions>
     <gpxtpx:TrackPointExtension>
      <gpxtpx:atemp>30</gpxtpx:atemp>
      <gpxtpx:hr>101</gpxtpx:hr>
     </gpxtpx:TrackPointExtension>
    </extensions>
   </trkpt>
   <trkpt lat="36.4070503" lon="30.4890379">
    <ele>0.3</ele>
    <time>2026-09-22T11:15:53Z</time>
    <extensions>
     <gpxtpx:TrackPointExtension>
      <gpxtpx:atemp>30</gpxtpx:atemp>
      <gpxtpx:hr>102</gpxtpx:hr>
     </gpxtpx:TrackPointExtension>
    </extensions>
   </trkpt>
   <trkpt lat="36.4070586" lon="30.4890886">
    <ele>1.0</ele>
    <time>2026-09-22T11:15:57Z</time>
    <extensions>
     <gpxtpx:TrackPointExtension>
      <gpxtpx:atemp>30</gpxtpx:atemp>
      <gpxtpx:hr>101</gpxtpx:hr>
     </gpxtpx:TrackPointExtension>
    </extensions>
   </trkpt>
   <trkpt lat="36.4070664" lon="30.4891257">
    <ele>1.1</ele>
    <time>2026-09-22T11:16:00Z</time>
    <extensions>
     <gpxtpx:TrackPointExtension>
      <gpxtpx:atemp>30</gpxtpx:atemp>
      <gpxtpx:hr>101</gpxtpx:hr>
     </gpxtpx:TrackPointExtension>
    </extensions>
   </trkpt>
   <trkpt lat="36.4070752" lon="30.4891606">
    <ele>-0.2</ele>
    <time>2026-09-22T11:16:03Z</time>
    <extensions>
     <gpxtpx:TrackPointExtension>
      <gpxtpx:atemp>30</gpxtpx:atemp>
      <gpxtpx:hr>102</gpxtpx:hr>
     </gpxtpx:TrackPointExtension>
    </extensions>
   </trkpt>
   <trkpt lat="36.4070902" lon="30.4892236">
    <ele>-0.2</ele>
    <time>2026-09-22T11:16:08Z</time>
    <extensions>
     <gpxtpx:TrackPointExtension>
      <gpxtpx:atemp>30</gpxtpx:atemp>
      <gpxtpx:hr>103</gpxtpx:hr>
     </gpxtpx:TrackPointExtension>
    </extensions>
   </trkpt>
   <trkpt lat="36.4071001" lon="30.4892719">
    <ele>0.5</ele>
    <time>2026-09-22T11:16:12Z</time>
    <extensions>
     <gpxtpx:TrackPointExtension>
      <gpxtpx:atemp>30</gpxtpx:atemp>
      <gpxtpx:hr>100</gpxtpx:hr>
     </gpxtpx:TrackPointExtension>
    </extensions>
   </trkpt>
   <trkpt lat="36.4071097" lon="30.4893185">
    <ele>0.7</ele>
    <time>2026-09-22T11:16:16Z</time>
    <extensions>
     <gpxtpx:TrackPointExtension>
      <gpxtpx:atemp>30</gpxtpx:atemp>
      <gpxtpx:hr>102</gpxtpx:hr>
     </gpxtpx:TrackPointExtension>
    </extensions>
   </trkpt>
   <trkpt lat="36.4071230" lon="30.4893783">
    <ele>-0.6</ele>
    <time>2026-09-22T11:16:21Z</time>
    <extensions>
     <gpxtpx:TrackPointExtension>
      <gpxtpx:atemp>30</gpxtpx:atemp>
      <gpxtpx:hr>102</gpxtpx:hr>
     </gpxtpx:TrackPointExtension>
    </extensions>
   </trkpt>
   <trkpt lat="36.4071336" lon="30.4894390">
    <ele>-1.0</ele>
    <time>2026-09-22T11:16:26Z</time>
    <extensions>
     <gpxtpx:TrackPointExtension>
      <gpxtpx:atemp>30</gpxtpx:atemp>
      <gpxtpx:hr>100</gpxtpx:hr>
     </gpxtpx:TrackPointExtension>
    </extensions>
   </trkpt>
   <trkpt lat="36.4071442" lon="30.4895005">
    <ele>0.2</ele>
    <time>2026-09-22T11:16:31Z</time>
    <extensions>
     <gpxtpx:TrackPointExtension>
      <gpxtpx:atemp>30</gpxtpx:atemp>
      <gpxtpx:hr>100</gpxtpx:hr>
     </gpxtpx:TrackPointExtension>
    </extensions>
   </trkpt>
   <trkpt lat="36.4071588" lon="30.4895761">
    <ele>0.2</ele>
    <time>2026-09-22T11:16:37Z</time>
    <extensions>
     <gpxtpx:TrackPointExtension>
      <gpxtpx:atemp>30</gpxtpx:atemp>
      <gpxtpx:hr>102</gpxtpx:hr>
     </gpxtpx:TrackPointExtension>
    </extensions>
   </trkpt>
   <trkpt lat="36.4071670" lon="30.4896345">
    <ele>1.8</ele>
    <time>2026-09-22T11:16:42Z</time>
    <extensions>
     <gpxtpx:TrackPointExtension>
      <gpxtpx:atemp>30</gpxtpx:atemp>
      <gpxtpx:hr>101</gpxtpx:hr>
     </gpxtpx:TrackPointExtension>
    </extensions>
   </trkpt>
   <trkpt lat="36.4071716" lon="30.4896716">
    <ele>-0.2</ele>
    <time>2026-09-22T11:16:45Z</time>
    <extensions>
     <gpxtpx:TrackPointExtension>
      <gpxtpx:atemp>30</gpxtpx:atemp>
      <gpxtpx:hr>103</gpxtpx:hr>
     </gpxtpx:TrackPointExtension>
    </extensions>
   </trkpt>
   <trkpt lat="36.4071851" lon="30.4897462">
    <ele>-0.1</ele>
    <time>2026-09-22T11:16:51Z</time>
    <extensions>
     <gpxtpx:TrackPointExtension>
      <gpxtpx:atemp>30</gpxtpx:atemp>
      <gpxtpx:hr>103</gpxtpx:hr>
     </gpxtpx:TrackPointExtension>
    </extensions>
   </trkpt>
   <trkpt lat="36.4071960" lon="30.4898109">
    <ele>0.9</ele>
    <time>2026-09-22T11:16:56Z</time>
    <extensions>
     <gpxtpx:TrackPointExtension>
      <gpxtpx:atemp>30</gpxtpx:atemp>
      <gpxtpx:hr>102</gpxtpx:hr>
     </gpxtpx:TrackPointExtension>
    </extensions>
   </trkpt>
   <trkpt lat="36.4072044" lon="30.4898726">
    <ele>-0.5</ele>
    <time>2026-09-22T11:17:01Z</time>
    <extensions>
     <gpxtpx:TrackPointExtension>
      <gpxtpx:atemp>30</gpxtpx:atemp>
      <gpxtpx:hr>103</gpxtpx:hr>
     </gpxtpx:TrackPointExtension>
    </extensions>
   </trkpt>
   <trkpt lat="36.4072144" lon="30.4899338">
    <ele>0.2</ele>
    <time>2026-09-22T11:17:06Z</time>
    <extensions>
     <gpxtpx:TrackPointExtension>
      <gpxtpx:atemp>30</gpxtpx:atemp>
      <gpxtpx:hr>103</gpxtpx:hr>
     </gpxtpx:TrackPointExtension>
    </extensions>
   </trkpt>
   <trkpt lat="36.4072229" lon="30.4899695">
    <ele>-0.6</ele>
    <time>2026-09-22T11:17:09Z</time>
    <extensions>
     <gpxtpx:TrackPointExtension>
      <gpxtpx:atemp>30</gpxtpx:atemp>
      <gpxtpx:hr>102</gpxtpx:hr>
     </gpxtpx:TrackPointExtension>
    </extensions>
   </trkpt>
   <trkpt lat="36.4072384" lon="30.4900329">
    <ele>-0.2</ele>
    <time>2026-09-22T11:17:14Z</time>
    <extensions>
     <gpxtpx:TrackPointExtension>
      <gpxtpx:atemp>30</gpxtpx:atemp>
      <gpxtpx:hr>102</gpxtpx:hr>
     </gpxtpx:TrackPointExtension>
    </extensions>
   </trkpt>
   <trkpt lat="36.4072559" lon="30.4901248">
    <ele>0.6</ele>
    <time>2026-09-22T11:17:19Z</time>
    <extensions>
     <gpxtpx:TrackPointExtension>
      <gpxtpx:atemp>30</gpxtpx:atemp>
      <gpxtpx:hr>103</gpxtpx:hr>
     </gpxtpx:TrackPointExtension>
    </extensions>
   </trkpt>
   <trkpt lat="36.4072764" lon="30.4902272">
    <ele>0.3</ele>
    <time>2026-09-22T11:17:24Z</time>
    <extensions>
     <gpxtpx:TrackPointExtension>
      <gpxtpx:atemp>30</gpxtpx:atemp>
      <gpxtpx:hr>103</gpxtpx:hr>
     </gpxtpx:TrackPointExtension>
    </extensions>
   </trkpt>
   <trkpt lat="36.4072947" lon="30.4903317">
    <ele>-0.3</ele>
    <time>2026-09-22T11:17:29Z</time>
    <extensions>
     <gpxtpx:TrackPointExtension>
      <gpxtpx:atemp>30</gpxtpx:atemp>
      <gpxtpx:hr>102</gpxtpx:hr>
     </gpxtpx:TrackPointExtension>
    </extensions>
   </trkpt>
   <trkpt lat="36.4073145" lon="30.4904225">
    <ele>-0.3</ele>
    <time>2026-09-22T11:17:33Z</time>
    <extensions>
     <gpxtpx:TrackPointExtension>
      <gpxtpx:atemp>30</gpxtpx:atemp>
      <gpxtpx:hr>102</gpxtpx:hr>
     </gpxtpx:TrackPointExtension>
    </extensions>
   </trkpt>
   <trkpt lat="36.4073253" lon="30.4904907">
    <ele>0.8</ele>
    <time>2026-09-22T11:17:36Z</time>
    <extensions>
     <gpxtpx:TrackPointExtension>
      <gpxtpx:atemp>30</gpxtpx:atemp>
      <gpxtpx:hr>104</gpxtpx:hr>
     </gpxtpx:TrackPointExtension>
    </extensions>
   </trkpt>
   <trkpt lat="36.4073320" lon="30.4905581">
    <ele>0.3</ele>
    <time>2026-09-22T11:17:39Z</time>
    <extensions>
     <gpxtpx:TrackPointExtension>
      <gpxtpx:atemp>30</gpxtpx:atemp>
      <gpxtpx:hr>104</gpxtpx:hr>
     </gpxtpx:TrackPointExtension>
    </extensions>
   </trkpt>
   <trkpt lat="36.4073525" lon="30.4906904">
    <ele>-0.3</ele>
    <time>2026-09-22T11:17:45Z</time>
    <extensions>
     <gpxtpx:TrackPointExtension>
      <gpxtpx:atemp>30</gpxtpx:atemp>
      <gpxtpx:hr>105</gpxtpx:hr>
     </gpxtpx:TrackPointExtension>
    </extensions>
   </trkpt>
   <trkpt lat="36.4073609" lon="30.4907557">
    <ele>1.1</ele>
    <time>2026-09-22T11:17:48Z</time>
    <extensions>
     <gpxtpx:TrackPointExtension>
      <gpxtpx:atemp>30</gpxtpx:atemp>
      <gpxtpx:hr>105</gpxtpx:hr>
     </gpxtpx:TrackPointExtension>
    </extensions>
   </trkpt>
   <trkpt lat="36.4073786" lon="30.4908395">
    <ele>-0.8</ele>
    <time>2026-09-22T11:17:52Z</time>
    <extensions>
     <gpxtpx:TrackPointExtension>
      <gpxtpx:atemp>30</gpxtpx:atemp>
      <gpxtpx:hr>104</gpxtpx:hr>
     </gpxtpx:TrackPointExtension>
    </extensions>
   </trkpt>
   <trkpt lat="36.4073975" lon="30.4909414">
    <ele>0.5</ele>
    <time>2026-09-22T11:17:57Z</time>
    <extensions>
     <gpxtpx:TrackPointExtension>
      <gpxtpx:atemp>30</gpxtpx:atemp>
      <gpxtpx:hr>106</gpxtpx:hr>
     </gpxtpx:TrackPointExtension>
    </extensions>
   </trkpt>
   <trkpt lat="36.4074071" lon="30.4910051">
    <ele>-0.3</ele>
    <time>2026-09-22T11:18:00Z</time>
    <extensions>
     <gpxtpx:TrackPointExtension>
      <gpxtpx:atemp>30</gpxtpx:atemp>
      <gpxtpx:hr>106</gpxtpx:hr>
     </gpxtpx:TrackPointExtension>
    </extensions>
   </trkpt>
   <trkpt lat="36.4074292" lon="30.4911098">
    <ele>-0.7</ele>
    <time>2026-09-22T11:18:05Z</time>
    <extensions>
     <gpxtpx:TrackPointExtension>
      <gpxtpx:atemp>30</gpxtpx:atemp>
      <gpxtpx:hr>104</gpxtpx:hr>
     </gpxtpx:TrackPointExtension>
    </extensions>
   </trkpt>
   <trkpt lat="36.4074481" lon="30.4912136">
    <ele>-0.6</ele>
    <time>2026-09-22T11:18:10Z</time>
    <extensions>
     <gpxtpx:TrackPointExtension>
      <gpxtpx:atemp>30</gpxtpx:atemp>
      <gpxtpx:hr>102</gpxtpx:hr>
     </gpxtpx:TrackPointExtension>
    </extensions>
   </trkpt>
   <trkpt lat="36.4074603" lon="30.4912741">
    <ele>0.7</ele>
    <time>2026-09-22T11:18:13Z</time>
    <extensions>
     <gpxtpx:TrackPointExtension>
      <gpxtpx:atemp>30</gpxtpx:atemp>
      <gpxtpx:hr>104</gpxtpx:hr>
     </gpxtpx:TrackPointExtension>
    </extensions>
   </trkpt>
   <trkpt lat="36.4074750" lon="30.4913602">
    <ele>-0.1</ele>
    <time>2026-09-22T11:18:17Z</time>
    <extensions>
     <gpxtpx:TrackPointExtension>
      <gpxtpx:atemp>30</gpxtpx:atemp>
      <gpxtpx:hr>104</gpxtpx:hr>
     </gpxtpx:TrackPointExtension>
    </extensions>
   </trkpt>
   <trkpt lat="36.4074987" lon="30.4914803">
    <ele>0.5</ele>
    <time>2026-09-22T11:18:23Z</time>
    <extensions>
     <gpxtpx:TrackPointExtension>
      <gpxtpx:atemp>30</gpxtpx:atemp>
      <gpxtpx:hr>106</gpxtpx:hr>
     </gpxtpx:TrackPointExtension>
    </extensions>
   </trkpt>
   <trkpt lat="36.4075204" lon="30.4916059">
    <ele>0.5</ele>
    <time>2026-09-22T11:18:29Z</time>
    <extensions>
     <gpxtpx:TrackPointExtension>
      <gpxtpx:atemp>30</gpxtpx:atemp>
      <gpxtpx:hr>105</gpxtpx:hr>
     </gpxtpx:TrackPointExtension>
    </extensions>
   </trkpt>
   <trkpt lat="36.4075396" lon="30.4917127">
    <ele>-0.2</ele>
    <time>2026-09-22T11:18:34Z</time>
    <extensions>
     <gpxtpx:TrackPointExtension>
      <gpxtpx:atemp>30</gpxtpx:atemp>
      <gpxtpx:hr>107</gpxtpx:hr>
     </gpxtpx:TrackPointExtension>
    </extensions>
   </trkpt>
   <trkpt lat="36.4075558" lon="30.4917958">
    <ele>-1.2</ele>
    <time>2026-09-22T11:18:38Z</time>
    <extensions>
     <gpxtpx:TrackPointExtension>
      <gpxtpx:atemp>30</gpxtpx:atemp>
      <gpxtpx:hr>106</gpxtpx:hr>
     </gpxtpx:TrackPointExtension>
    </extensions>
   </trkpt>
   <trkpt lat="36.4075862" lon="30.4919254">
    <ele>0.4</ele>
    <time>2026-09-22T11:18:44Z</time>
    <extensions>
     <gpxtpx:TrackPointExtension>
      <gpxtpx:atemp>30</gpxtpx:atemp>
      <gpxtpx:hr>107</gpxtpx:hr>
     </gpxtpx:TrackPointExtension>
    </extensions>
   </trkpt>
   <trkpt lat="36.4076064" lon="30.4920340">
    <ele>-0.0</ele>
    <time>2026-09-22T11:18:49Z</time>
    <extensions>
     <gpxtpx:TrackPointExtension>
      <gpxtpx:atemp>30</gpxtpx:atemp>
      <gpxtpx:hr>107</gpxtpx:hr>
     </gpxtpx:TrackPointExtension>
    </extensions>
   </trkpt>
   <trkpt lat="36.4076277" lon="30.4921244">
    <ele>-0.2</ele>
    <time>2026-09-22T11:18:53Z</time>
    <extensions>
     <gpxtpx:TrackPointExtension>
      <gpxtpx:atemp>30</gpxtpx:atemp>
      <gpxtpx:hr>106</gpxtpx:hr>
     </gpxtpx:TrackPointExtension>
    </extensions>
   </trkpt>
   <trkpt lat="36.4076430" lon="30.4921924">
    <ele>-0.5</ele>
    <time>2026-09-22T11:18:56Z</time>
    <extensions>
     <gpxtpx:TrackPointExtension>
      <gpxtpx:atemp>30</gpxtpx:atemp>
      <gpxtpx:hr>108</gpxtpx:hr>
     </gpxtpx:TrackPointExtension>
    </extensions>
   </trkpt>
   <trkpt lat="36.4076580" lon="30.4922523">
    <ele>-0.7</ele>
    <time>2026-09-22T11:18:59Z</time>
    <extensions>
     <gpxtpx:TrackPointExtension>
      <gpxtpx:atemp>30</gpxtpx:atemp>
      <gpxtpx:hr>107</gpxtpx:hr>
     </gpxtpx:TrackPointExtension>
    </extensions>
   </trkpt>
   <trkpt lat="36.4076818" lon="30.4923635">
    <ele>-0.5</ele>
    <time>2026-09-22T11:19:04Z</time>
    <extensions>
     <gpxtpx:TrackPointExtension>
      <gpxtpx:atemp>30</gpxtpx:atemp>
      <gpxtpx:hr>107</gpxtpx:hr>
     </gpxtpx:TrackPointExtension>
    </extensions>
   </trkpt>
   <trkpt lat="36.4077113" lon="30.4924898">
    <ele>0.0</ele>
    <time>2026-09-22T11:19:10Z</time>
    <extensions>
     <gpxtpx:TrackPointExtension>
      <gpxtpx:atemp>30</gpxtpx:atemp>
      <gpxtpx:hr>108</gpxtpx:hr>
     </gpxtpx:TrackPointExtension>
    </extensions>
   </trkpt>
   <trkpt lat="36.4077353" lon="30.4925931">
    <ele>-0.1</ele>
    <time>2026-09-22T11:19:15Z</time>
    <extensions>
     <gpxtpx:TrackPointExtension>
      <gpxtpx:atemp>30</gpxtpx:atemp>
      <gpxtpx:hr>108</gpxtpx:hr>
     </gpxtpx:TrackPointExtension>
    </extensions>
   </trkpt>
   <trkpt lat="36.4077628" lon="30.4927165">
    <ele>-0.1</ele>
    <time>2026-09-22T11:19:21Z</time>
    <extensions>
     <gpxtpx:TrackPointExtension>
      <gpxtpx:atemp>30</gpxtpx:atemp>
      <gpxtpx:hr>108</gpxtpx:hr>
     </gpxtpx:TrackPointExtension>
    </extensions>
   </trkpt>
   <trkpt lat="36.4077802" lon="30.4928003">
    <ele>0.6</ele>
    <time>2026-09-22T11:19:25Z</time>
    <extensions>
     <gpxtpx:TrackPointExtension>
      <gpxtpx:atemp>30</gpxtpx:atemp>
      <gpxtpx:hr>107</gpxtpx:hr>
     </gpxtpx:TrackPointExtension>
    </extensions>
   </trkpt>
   <trkpt lat="36.4077957" lon="30.4929054">
    <ele>0.2</ele>
    <time>2026-09-22T11:19:30Z</time>
    <extensions>
     <gpxtpx:TrackPointExtension>
      <gpxtpx:atemp>30</gpxtpx:atemp>
      <gpxtpx:hr>106</gpxtpx:hr>
     </gpxtpx:TrackPointExtension>
    </extensions>
   </trkpt>
   <trkpt lat="36.4077764" lon="30.4929741">
    <ele>-1.0</ele>
    <time>2026-09-22T11:19:35Z</time>
    <extensions>
     <gpxtpx:TrackPointExtension>
      <gpxtpx:atemp>30</gpxtpx:atemp>
      <gpxtpx:hr>108</gpxtpx:hr>
     </gpxtpx:TrackPointExtension>
    </extensions>
   </trkpt>
   <trkpt lat="36.4077537" lon="30.4929987">
    <ele>-0.5</ele>
    <time>2026-09-22T11:19:39Z</time>
    <extensions>
     <gpxtpx:TrackPointExtension>
      <gpxtpx:atemp>30</gpxtpx:atemp>
      <gpxtpx:hr>109</gpxtpx:hr>
     </gpxtpx:TrackPointExtension>
    </extensions>
   </trkpt>
   <trkpt lat="36.4076962" lon="30.4930189">
    <ele>-0.9</ele>
    <time>2026-09-22T11:19:45Z</time>
    <extensions>
     <gpxtpx:TrackPointExtension>
      <gpxtpx:atemp>30</gpxtpx:atemp>
      <gpxtpx:hr>111</gpxtpx:hr>
     </gpxtpx:TrackPointExtension>
    </extensions>
   </trkpt>
   <trkpt lat="36.4076272" lon="30.4930390">
    <ele>0.0</ele>
    <time>2026-09-22T11:19:50Z</time>
    <extensions>
     <gpxtpx:TrackPointExtension>
      <gpxtpx:atemp>30</gpxtpx:atemp>
      <gpxtpx:hr>113</gpxtpx:hr>
     </gpxtpx:TrackPointExtension>
    </extensions>
   </trkpt>
   <trkpt lat="36.4075638" lon="30.4930568">
    <ele>-0.6</ele>
    <time>2026-09-22T11:19:54Z</time>
    <extensions>
     <gpxtpx:TrackPointExtension>
      <gpxtpx:atemp>30</gpxtpx:atemp>
      <gpxtpx:hr>115</gpxtpx:hr>
     </gpxtpx:TrackPointExtension>
    </extensions>
   </trkpt>
   <trkpt lat="36.4075167" lon="30.4930759">
    <ele>0.5</ele>
    <time>2026-09-22T11:19:57Z</time>
    <extensions>
     <gpxtpx:TrackPointExtension>
      <gpxtpx:atemp>30</gpxtpx:atemp>
      <gpxtpx:hr>115</gpxtpx:hr>
     </gpxtpx:TrackPointExtension>
    </extensions>
   </trkpt>
   <trkpt lat="36.4074680" lon="30.4930990">
    <ele>-0.4</ele>
    <time>2026-09-22T11:20:00Z</time>
    <extensions>
     <gpxtpx:TrackPointExtension>
      <gpxtpx:atemp>30</gpxtpx:atemp>
      <gpxtpx:hr>116</gpxtpx:hr>
     </gpxtpx:TrackPointExtension>
    </extensions>
   </trkpt>
   <trkpt lat="36.4073898" lon="30.4931347">
    <ele>-0.6</ele>
    <time>2026-09-22T11:20:05Z</time>
    <extensions>
     <gpxtpx:TrackPointExtension>
      <gpxtpx:atemp>30</gpxtpx:atemp>
      <gpxtpx:hr>116</gpxtpx:hr>
     </gpxtpx:TrackPointExtension>
    </extensions>
   </trkpt>
   <trkpt lat="36.4073051" lon="30.4931671">
    <ele>-0.2</ele>
    <time>2026-09-22T11:20:10Z</time>
    <extensions>
     <gpxtpx:TrackPointExtension>
      <gpxtpx:atemp>30</gpxtpx:atemp>
      <gpxtpx:hr>115</gpxtpx:hr>
     </gpxtpx:TrackPointExtension>
    </extensions>
   </trkpt>
   <trkpt lat="36.4072404" lon="30.4931958">
    <ele>0.5</ele>
    <time>2026-09-22T11:20:14Z</time>
    <extensions>
     <gpxtpx:TrackPointExtension>
      <gpxtpx:atemp>30</gpxtpx:atemp>
      <gpxtpx:hr>114</gpxtpx:hr>
     </gpxtpx:TrackPointExtension>
    </extensions>
   </trkpt>
   <trkpt lat="36.4071431" lon="30.4932349">
    <ele>-0.4</ele>
    <time>2026-09-22T11:20:20Z</time>
    <extensions>
     <gpxtpx:TrackPointExtension>
      <gpxtpx:atemp>30</gpxtpx:atemp>
      <gpxtpx:hr>114</gpxtpx:hr>
     </gpxtpx:TrackPointExtension>
    </extensions>
   </trkpt>
   <trkpt lat="36.4070577" lon="30.4932648">
    <ele>-1.0</ele>
    <time>2026-09-22T11:20:25Z</time>
    <extensions>
     <gpxtpx:TrackPointExtension>
      <gpxtpx:atemp>30</gpxtpx:atemp>
      <gpxtpx:hr>114</gpxtpx:hr>
     </gpxtpx:TrackPointExtension>
    </extensions>
   </trkpt>
   <trkpt lat="36.4069759" lon="30.4932972">
    <ele>-0.4</ele>
    <time>2026-09-22T11:20:30Z</time>
    <extensions>
     <gpxtpx:TrackPointExtension>
      <gpxtpx:atemp>30</gpxtpx:atemp>
      <gpxtpx:hr>114</gpxtpx:hr>
     </gpxtpx:TrackPointExtension>
    </extensions>
   </trkpt>
   <trkpt lat="36.4068917" lon="30.4933246">
    <ele>0.5</ele>
    <time>2026-09-22T11:20:35Z</time>
    <extensions>
     <gpxtpx:TrackPointExtension>
      <gpxtpx:atemp>30</gpxtpx:atemp>
      <gpxtpx:hr>113</gpxtpx:hr>
     </gpxtpx:TrackPointExtension>
    </extensions>
   </trkpt>
   <trkpt lat="36.4068011" lon="30.4933557">
    <ele>-0.3</ele>
    <time>2026-09-22T11:20:40Z</time>
    <extensions>
     <gpxtpx:TrackPointExtension>
      <gpxtpx:atemp>30</gpxtpx:atemp>
      <gpxtpx:hr>112</gpxtpx:hr>
     </gpxtpx:TrackPointExtension>
    </extensions>
   </trkpt>
   <trkpt lat="36.4067128" lon="30.4933784">
    <ele>-0.6</ele>
    <time>2026-09-22T11:20:45Z</time>
    <extensions>
     <gpxtpx:TrackPointExtension>
      <gpxtpx:atemp>30</gpxtpx:atemp>
      <gpxtpx:hr>109</gpxtpx:hr>
     </gpxtpx:TrackPointExtension>
    </extensions>
   </trkpt>
   <trkpt lat="36.4066416" lon="30.4934030">
    <ele>0.6</ele>
    <time>2026-09-22T11:20:49Z</time>
    <extensions>
     <gpxtpx:TrackPointExtension>
      <gpxtpx:atemp>30</gpxtpx:atemp>
      <gpxtpx:hr>108</gpxtpx:hr>
     </gpxtpx:TrackPointExtension>
    </extensions>
   </trkpt>
   <trkpt lat="36.4065540" lon="30.4934335">
    <ele>0.7</ele>
    <time>2026-09-22T11:20:54Z</time>
    <extensions>
     <gpxtpx:TrackPointExtension>
      <gpxtpx:atemp>30</gpxtpx:atemp>
      <gpxtpx:hr>107</gpxtpx:hr>
     </gpxtpx:TrackPointExtension>
    </extensions>
   </trkpt>
   <trkpt lat="36.4063058" lon="30.4935183">
    <ele>0.7</ele>
    <time>2026-09-22T11:21:08Z</time>
    <extensions>
     <gpxtpx:TrackPointExtension>
      <gpxtpx:atemp>30</gpxtpx:atemp>
      <gpxtpx:hr>107</gpxtpx:hr>
     </gpxtpx:TrackPointExtension>
    </extensions>
   </trkpt>
   <trkpt lat="36.4062185" lon="30.4935507">
    <ele>-0.1</ele>
    <time>2026-09-22T11:21:13Z</time>
    <extensions>
     <gpxtpx:TrackPointExtension>
      <gpxtpx:atemp>30</gpxtpx:atemp>
      <gpxtpx:hr>106</gpxtpx:hr>
     </gpxtpx:TrackPointExtension>
    </extensions>
   </trkpt>
   <trkpt lat="36.4061472" lon="30.4935778">
    <ele>0.6</ele>
    <time>2026-09-22T11:21:17Z</time>
    <extensions>
     <gpxtpx:TrackPointExtension>
      <gpxtpx:atemp>30</gpxtpx:atemp>
      <gpxtpx:hr>107</gpxtpx:hr>
     </gpxtpx:TrackPointExtension>
    </extensions>
   </trkpt>
   <trkpt lat="36.4060557" lon="30.4936141">
    <ele>0.6</ele>
    <time>2026-09-22T11:21:22Z</time>
    <extensions>
     <gpxtpx:TrackPointExtension>
      <gpxtpx:atemp>30</gpxtpx:atemp>
      <gpxtpx:hr>109</gpxtpx:hr>
     </gpxtpx:TrackPointExtension>
    </extensions>
   </trkpt>
   <trkpt lat="36.4059748" lon="30.4936453">
    <ele>-0.1</ele>
    <time>2026-09-22T11:21:27Z</time>
    <extensions>
     <gpxtpx:TrackPointExtension>
      <gpxtpx:atemp>30</gpxtpx:atemp>
      <gpxtpx:hr>108</gpxtpx:hr>
     </gpxtpx:TrackPointExtension>
    </extensions>
   </trkpt>
   <trkpt lat="36.4058938" lon="30.4936775">
    <ele>-0.2</ele>
    <time>2026-09-22T11:21:32Z</time>
    <extensions>
     <gpxtpx:TrackPointExtension>
      <gpxtpx:atemp>30</gpxtpx:atemp>
      <gpxtpx:hr>108</gpxtpx:hr>
     </gpxtpx:TrackPointExtension>
    </extensions>
   </trkpt>
   <trkpt lat="36.4057926" lon="30.4937152">
    <ele>-0.5</ele>
    <time>2026-09-22T11:21:38Z</time>
    <extensions>
     <gpxtpx:TrackPointExtension>
      <gpxtpx:atemp>30</gpxtpx:atemp>
      <gpxtpx:hr>107</gpxtpx:hr>
     </gpxtpx:TrackPointExtension>
    </extensions>
   </trkpt>
   <trkpt lat="36.4057085" lon="30.4937445">
    <ele>-1.0</ele>
    <time>2026-09-22T11:21:43Z</time>
    <extensions>
     <gpxtpx:TrackPointExtension>
      <gpxtpx:atemp>30</gpxtpx:atemp>
      <gpxtpx:hr>106</gpxtpx:hr>
     </gpxtpx:TrackPointExtension>
    </extensions>
   </trkpt>
   <trkpt lat="36.4056056" lon="30.4937784">
    <ele>0.5</ele>
    <time>2026-09-22T11:21:49Z</time>
    <extensions>
     <gpxtpx:TrackPointExtension>
      <gpxtpx:atemp>30</gpxtpx:atemp>
      <gpxtpx:hr>107</gpxtpx:hr>
     </gpxtpx:TrackPointExtension>
    </extensions>
   </trkpt>
   <trkpt lat="36.4055547" lon="30.4937999">
    <ele>0.8</ele>
    <time>2026-09-22T11:21:52Z</time>
    <extensions>
     <gpxtpx:TrackPointExtension>
      <gpxtpx:atemp>30</gpxtpx:atemp>
      <gpxtpx:hr>106</gpxtpx:hr>
     </gpxtpx:TrackPointExtension>
    </extensions>
   </trkpt>
   <trkpt lat="36.4054565" lon="30.4938364">
    <ele>-0.6</ele>
    <time>2026-09-22T11:21:58Z</time>
    <extensions>
     <gpxtpx:TrackPointExtension>
      <gpxtpx:atemp>30</gpxtpx:atemp>
      <gpxtpx:hr>105</gpxtpx:hr>
     </gpxtpx:TrackPointExtension>
    </extensions>
   </trkpt>
   <trkpt lat="36.4054070" lon="30.4938551">
    <ele>1.2</ele>
    <time>2026-09-22T11:22:01Z</time>
    <extensions>
     <gpxtpx:TrackPointExtension>
      <gpxtpx:atemp>30</gpxtpx:atemp>
      <gpxtpx:hr>105</gpxtpx:hr>
     </gpxtpx:TrackPointExtension>
    </extensions>
   </trkpt>
   <trkpt lat="36.4053424" lon="30.4938755">
    <ele>1.0</ele>
    <time>2026-09-22T11:22:05Z</time>
    <extensions>
     <gpxtpx:TrackPointExtension>
      <gpxtpx:atemp>30</gpxtpx:atemp>
      <gpxtpx:hr>105</gpxtpx:hr>
     </gpxtpx:TrackPointExtension>
    </extensions>
   </trkpt>
   <trkpt lat="36.4052591" lon="30.4939090">
    <ele>0.0</ele>
    <time>2026-09-22T11:22:10Z</time>
    <extensions>
     <gpxtpx:TrackPointExtension>
      <gpxtpx:atemp>30</gpxtpx:atemp>
      <gpxtpx:hr>105</gpxtpx:hr>
     </gpxtpx:TrackPointExtension>
    </extensions>
   </trkpt>
   <trkpt lat="36.4051908" lon="30.4939356">
    <ele>-0.2</ele>
    <time>2026-09-22T11:22:14Z</time>
    <extensions>
     <gpxtpx:TrackPointExtension>
      <gpxtpx:atemp>30</gpxtpx:atemp>
      <gpxtpx:hr>105</gpxtpx:hr>
     </gpxtpx:TrackPointExtension>
    </extensions>
   </trkpt>
   <trkpt lat="36.4051252" lon="30.4939537">
    <ele>-0.3</ele>
    <time>2026-09-22T11:22:18Z</time>
    <extensions>
     <gpxtpx:TrackPointExtension>
      <gpxtpx:atemp>30</gpxtpx:atemp>
      <gpxtpx:hr>107</gpxtpx:hr>
     </gpxtpx:TrackPointExtension>
    </extensions>
   </trkpt>
   <trkpt lat="36.4050554" lon="30.4939822">
    <ele>0.1</ele>
    <time>2026-09-22T11:22:22Z</time>
    <extensions>
     <gpxtpx:TrackPointExtension>
      <gpxtpx:atemp>30</gpxtpx:atemp>
      <gpxtpx:hr>106</gpxtpx:hr>
     </gpxtpx:TrackPointExtension>
    </extensions>
   </trkpt>
   <trkpt lat="36.4049941" lon="30.4940070">
    <ele>0.3</ele>
    <time>2026-09-22T11:22:26Z</time>
    <extensions>
     <gpxtpx:TrackPointExtension>
      <gpxtpx:atemp>30</gpxtpx:atemp>
      <gpxtpx:hr>105</gpxtpx:hr>
     </gpxtpx:TrackPointExtension>
    </extensions>
   </trkpt>
   <trkpt lat="36.4049469" lon="30.4940305">
    <ele>-0.3</ele>
    <time>2026-09-22T11:22:29Z</time>
    <extensions>
     <gpxtpx:TrackPointExtension>
      <gpxtpx:atemp>30</gpxtpx:atemp>
      <gpxtpx:hr>105</gpxtpx:hr>
     </gpxtpx:TrackPointExtension>
    </extensions>
   </trkpt>
   <trkpt lat="36.4048642" lon="30.4940615">
    <ele>-0.4</ele>
    <time>2026-09-22T11:22:34Z</time>
    <extensions>
     <gpxtpx:TrackPointExtension>
      <gpxtpx:atemp>30</gpxtpx:atemp>
      <gpxtpx:hr>103</gpxtpx:hr>
     </gpxtpx:TrackPointExtension>
    </extensions>
   </trkpt>
   <trkpt lat="36.4047659" lon="30.4940941">
    <ele>-0.7</ele>
    <time>2026-09-22T11:22:40Z</time>
    <extensions>
     <gpxtpx:TrackPointExtension>
      <gpxtpx:atemp>30</gpxtpx:atemp>
      <gpxtpx:hr>103</gpxtpx:hr>
     </gpxtpx:TrackPointExtension>
    </extensions>
   </trkpt>
   <trkpt lat="36.4046840" lon="30.4941258">
    <ele>-0.1</ele>
    <time>2026-09-22T11:22:45Z</time>
    <extensions>
     <gpxtpx:TrackPointExtension>
      <gpxtpx:atemp>30</gpxtpx:atemp>
      <gpxtpx:hr>103</gpxtpx:hr>
     </gpxtpx:TrackPointExtension>
    </extensions>
   </trkpt>
   <trkpt lat="36.4046296" lon="30.4941492">
    <ele>-0.4</ele>
    <time>2026-09-22T11:22:48Z</time>
    <extensions>
     <gpxtpx:TrackPointExtension>
      <gpxtpx:atemp>30</gpxtpx:atemp>
      <gpxtpx:hr>102</gpxtpx:hr>
     </gpxtpx:TrackPointExtension>
    </extensions>
   </trkpt>
   <trkpt lat="36.4045391" lon="30.4941776">
    <ele>-1.1</ele>
    <time>2026-09-22T11:22:53Z</time>
    <extensions>
     <gpxtpx:TrackPointExtension>
      <gpxtpx:atemp>30</gpxtpx:atemp>
      <gpxtpx:hr>102</gpxtpx:hr>
     </gpxtpx:TrackPointExtension>
    </extensions>
   </trkpt>
   <trkpt lat="36.4044495" lon="30.4942052">
    <ele>1.1</ele>
    <time>2026-09-22T11:22:58Z</time>
    <extensions>
     <gpxtpx:TrackPointExtension>
      <gpxtpx:atemp>30</gpxtpx:atemp>
      <gpxtpx:hr>102</gpxtpx:hr>
     </gpxtpx:TrackPointExtension>
    </extensions>
   </trkpt>
   <trkpt lat="36.4043984" lon="30.4942204">
    <ele>0.1</ele>
    <time>2026-09-22T11:23:01Z</time>
    <extensions>
     <gpxtpx:TrackPointExtension>
      <gpxtpx:atemp>30</gpxtpx:atemp>
      <gpxtpx:hr>102</gpxtpx:hr>
     </gpxtpx:TrackPointExtension>
    </extensions>
   </trkpt>
   <trkpt lat="36.4042207" lon="30.4942858">
    <ele>-0.9</ele>
    <time>2026-09-22T11:23:11Z</time>
    <extensions>
     <gpxtpx:TrackPointExtension>
      <gpxtpx:atemp>29</gpxtpx:atemp>
      <gpxtpx:hr>104</gpxtpx:hr>
     </gpxtpx:TrackPointExtension>
    </extensions>
   </trkpt>
   <trkpt lat="36.4041342" lon="30.4943164">
    <ele>0.3</ele>
    <time>2026-09-22T11:23:16Z</time>
    <extensions>
     <gpxtpx:TrackPointExtension>
      <gpxtpx:atemp>29</gpxtpx:atemp>
      <gpxtpx:hr>105</gpxtpx:hr>
     </gpxtpx:TrackPointExtension>
    </extensions>
   </trkpt>
   <trkpt lat="36.4040622" lon="30.4943383">
    <ele>-1.3</ele>
    <time>2026-09-22T11:23:20Z</time>
    <extensions>
     <gpxtpx:TrackPointExtension>
      <gpxtpx:atemp>29</gpxtpx:atemp>
      <gpxtpx:hr>104</gpxtpx:hr>
     </gpxtpx:TrackPointExtension>
    </extensions>
   </trkpt>
   <trkpt lat="36.4039920" lon="30.4943595">
    <ele>0.2</ele>
    <time>2026-09-22T11:23:24Z</time>
    <extensions>
     <gpxtpx:TrackPointExtension>
      <gpxtpx:atemp>29</gpxtpx:atemp>
      <gpxtpx:hr>102</gpxtpx:hr>
     </gpxtpx:TrackPointExtension>
    </extensions>
   </trkpt>
   <trkpt lat="36.4039083" lon="30.4943904">
    <ele>0.2</ele>
    <time>2026-09-22T11:23:29Z</time>
    <extensions>
     <gpxtpx:TrackPointExtension>
      <gpxtpx:atemp>30</gpxtpx:atemp>
      <gpxtpx:hr>101</gpxtpx:hr>
     </gpxtpx:TrackPointExtension>
    </extensions>
   </trkpt>
   <trkpt lat="36.4038219" lon="30.4944178">
    <ele>0.8</ele>
    <time>2026-09-22T11:23:34Z</time>
    <extensions>
     <gpxtpx:TrackPointExtension>
      <gpxtpx:atemp>30</gpxtpx:atemp>
      <gpxtpx:hr>100</gpxtpx:hr>
     </gpxtpx:TrackPointExtension>
    </extensions>
   </trkpt>
   <trkpt lat="36.4037473" lon="30.4944415">
    <ele>0.3</ele>
    <time>2026-09-22T11:23:38Z</time>
    <extensions>
     <gpxtpx:TrackPointExtension>
      <gpxtpx:atemp>30</gpxtpx:atemp>
      <gpxtpx:hr>99</gpxtpx:hr>
     </gpxtpx:TrackPointExtension>
    </extensions>
   </trkpt>
   <trkpt lat="36.4036804" lon="30.4944657">
    <ele>-0.0</ele>
    <time>2026-09-22T11:23:42Z</time>
    <extensions>
     <gpxtpx:TrackPointExtension>
      <gpxtpx:atemp>30</gpxtpx:atemp>
      <gpxtpx:hr>99</gpxtpx:hr>
     </gpxtpx:TrackPointExtension>
    </extensions>
   </trkpt>
   <trkpt lat="36.4035893" lon="30.4944956">
    <ele>-0.9</ele>
    <time>2026-09-22T11:23:47Z</time>
    <extensions>
     <gpxtpx:TrackPointExtension>
      <gpxtpx:atemp>30</gpxtpx:atemp>
      <gpxtpx:hr>97</gpxtpx:hr>
     </gpxtpx:TrackPointExtension>
    </extensions>
   </trkpt>
   <trkpt lat="36.4034953" lon="30.4945243">
    <ele>0.0</ele>
    <time>2026-09-22T11:23:52Z</time>
    <extensions>
     <gpxtpx:TrackPointExtension>
      <gpxtpx:atemp>30</gpxtpx:atemp>
      <gpxtpx:hr>99</gpxtpx:hr>
     </gpxtpx:TrackPointExtension>
    </extensions>
   </trkpt>
   <trkpt lat="36.4033867" lon="30.4945564">
    <ele>-0.3</ele>
    <time>2026-09-22T11:23:58Z</time>
    <extensions>
     <gpxtpx:TrackPointExtension>
      <gpxtpx:atemp>30</gpxtpx:atemp>
      <gpxtpx:hr>100</gpxtpx:hr>
     </gpxtpx:TrackPointExtension>
    </extensions>
   </trkpt>
   <trkpt lat="36.4032957" lon="30.4945853">
    <ele>-0.3</ele>
    <time>2026-09-22T11:24:03Z</time>
    <extensions>
     <gpxtpx:TrackPointExtension>
      <gpxtpx:atemp>30</gpxtpx:atemp>
      <gpxtpx:hr>99</gpxtpx:hr>
     </gpxtpx:TrackPointExtension>
    </extensions>
   </trkpt>
   <trkpt lat="36.4032417" lon="30.4945994">
    <ele>0.3</ele>
    <time>2026-09-22T11:24:06Z</time>
    <extensions>
     <gpxtpx:TrackPointExtension>
      <gpxtpx:atemp>30</gpxtpx:atemp>
      <gpxtpx:hr>98</gpxtpx:hr>
     </gpxtpx:TrackPointExtension>
    </extensions>
   </trkpt>
   <trkpt lat="36.4031713" lon="30.4946241">
    <ele>-0.2</ele>
    <time>2026-09-22T11:24:10Z</time>
    <extensions>
     <gpxtpx:TrackPointExtension>
      <gpxtpx:atemp>30</gpxtpx:atemp>
      <gpxtpx:hr>99</gpxtpx:hr>
     </gpxtpx:TrackPointExtension>
    </extensions>
   </trkpt>
   <trkpt lat="36.4030817" lon="30.4946527">
    <ele>1.6</ele>
    <time>2026-09-22T11:24:15Z</time>
    <extensions>
     <gpxtpx:TrackPointExtension>
      <gpxtpx:atemp>30</gpxtpx:atemp>
      <gpxtpx:hr>100</gpxtpx:hr>
     </gpxtpx:TrackPointExtension>
    </extensions>
   </trkpt>
   <trkpt lat="36.4029934" lon="30.4946827">
    <ele>-0.5</ele>
    <time>2026-09-22T11:24:20Z</time>
    <extensions>
     <gpxtpx:TrackPointExtension>
      <gpxtpx:atemp>29</gpxtpx:atemp>
      <gpxtpx:hr>102</gpxtpx:hr>
     </gpxtpx:TrackPointExtension>
    </extensions>
   </trkpt>
   <trkpt lat="36.4029221" lon="30.4947022">
    <ele>-0.2</ele>
    <time>2026-09-22T11:24:24Z</time>
    <extensions>
     <gpxtpx:TrackPointExtension>
      <gpxtpx:atemp>29</gpxtpx:atemp>
      <gpxtpx:hr>102</gpxtpx:hr>
     </gpxtpx:TrackPointExtension>
    </extensions>
   </trkpt>
   <trkpt lat="36.4028558" lon="30.4947262">
    <ele>-0.0</ele>
    <time>2026-09-22T11:24:28Z</time>
    <extensions>
     <gpxtpx:TrackPointExtension>
      <gpxtpx:atemp>29</gpxtpx:atemp>
      <gpxtpx:hr>102</gpxtpx:hr>
     </gpxtpx:TrackPointExtension>
    </extensions>
   </trkpt>
   <trkpt lat="36.4027516" lon="30.4947665">
    <ele>0.7</ele>
    <time>2026-09-22T11:24:34Z</time>
    <extensions>
     <gpxtpx:TrackPointExtension>
      <gpxtpx:atemp>29</gpxtpx:atemp>
      <gpxtpx:hr>102</gpxtpx:hr>
     </gpxtpx:TrackPointExtension>
    </extensions>
   </trkpt>
   <trkpt lat="36.4026498" lon="30.4947998">
    <ele>-0.7</ele>
    <time>2026-09-22T11:24:40Z</time>
    <extensions>
     <gpxtpx:TrackPointExtension>
      <gpxtpx:atemp>29</gpxtpx:atemp>
      <gpxtpx:hr>105</gpxtpx:hr>
     </gpxtpx:TrackPointExtension>
    </extensions>
   </trkpt>
   <trkpt lat="36.4025806" lon="30.4948244">
    <ele>-0.5</ele>
    <time>2026-09-22T11:24:44Z</time>
    <extensions>
     <gpxtpx:TrackPointExtension>
      <gpxtpx:atemp>29</gpxtpx:atemp>
      <gpxtpx:hr>105</gpxtpx:hr>
     </gpxtpx:TrackPointExtension>
    </extensions>
   </trkpt>
   <trkpt lat="36.4024867" lon="30.4948518">
    <ele>-0.6</ele>
    <time>2026-09-22T11:24:49Z</time>
    <extensions>
     <gpxtpx:TrackPointExtension>
      <gpxtpx:atemp>30</gpxtpx:atemp>
      <gpxtpx:hr>105</gpxtpx:hr>
     </gpxtpx:TrackPointExtension>
    </extensions>
   </trkpt>
   <trkpt lat="36.4024143" lon="30.4948791">
    <ele>0.3</ele>
    <time>2026-09-22T11:24:53Z</time>
    <extensions>
     <gpxtpx:TrackPointExtension>
      <gpxtpx:atemp>29</gpxtpx:atemp>
      <gpxtpx:hr>104</gpxtpx:hr>
     </gpxtpx:TrackPointExtension>
    </extensions>
   </trkpt>
   <trkpt lat="36.4023384" lon="30.4949111">
    <ele>0.2</ele>
    <time>2026-09-22T11:24:57Z</time>
    <extensions>
     <gpxtpx:TrackPointExtension>
      <gpxtpx:atemp>29</gpxtpx:atemp>
      <gpxtpx:hr>104</gpxtpx:hr>
     </gpxtpx:TrackPointExtension>
    </extensions>
   </trkpt>
   <trkpt lat="36.4022432" lon="30.4949420">
    <ele>-0.6</ele>
    <time>2026-09-22T11:25:02Z</time>
    <extensions>
     <gpxtpx:TrackPointExtension>
      <gpxtpx:atemp>29</gpxtpx:atemp>
      <gpxtpx:hr>105</gpxtpx:hr>
     </gpxtpx:TrackPointExtension>
    </extensions>
   </trkpt>
   <trkpt lat="36.4021715" lon="30.4949632">
    <ele>-0.4</ele>
    <time>2026-09-22T11:25:06Z</time>
    <extensions>
     <gpxtpx:TrackPointExtension>
      <gpxtpx:atemp>29</gpxtpx:atemp>
      <gpxtpx:hr>105</gpxtpx:hr>
     </gpxtpx:TrackPointExtension>
    </extensions>
   </trkpt>
   <trkpt lat="36.4021056" lon="30.4950198">
    <ele>0.6</ele>
    <time>2026-09-22T11:25:11Z</time>
    <extensions>
     <gpxtpx:TrackPointExtension>
      <gpxtpx:atemp>29</gpxtpx:atemp>
      <gpxtpx:hr>107</gpxtpx:hr>
     </gpxtpx:TrackPointExtension>
    </extensions>
   </trkpt>
   <trkpt lat="36.4020926" lon="30.4950737">
    <ele>-0.3</ele>
    <time>2026-09-22T11:25:16Z</time>
    <extensions>
     <gpxtpx:TrackPointExtension>
      <gpxtpx:atemp>30</gpxtpx:atemp>
      <gpxtpx:hr>109</gpxtpx:hr>
     </gpxtpx:TrackPointExtension>
    </extensions>
   </trkpt>
   <trkpt lat="36.4021027" lon="30.4951377">
    <ele>0.2</ele>
    <time>2026-09-22T11:25:21Z</time>
    <extensions>
     <gpxtpx:TrackPointExtension>
      <gpxtpx:atemp>29</gpxtpx:atemp>
      <gpxtpx:hr>111</gpxtpx:hr>
     </gpxtpx:TrackPointExtension>
    </extensions>
   </trkpt>
   <trkpt lat="36.4021199" lon="30.4952070">
    <ele>-0.4</ele>
    <time>2026-09-22T11:25:25Z</time>
    <extensions>
     <gpxtpx:TrackPointExtension>
      <gpxtpx:atemp>29</gpxtpx:atemp>
      <gpxtpx:hr>112</gpxtpx:hr>
     </gpxtpx:TrackPointExtension>
    </extensions>
   </trkpt>
   <trkpt lat="36.4021435" lon="30.4953091">
    <ele>0.2</ele>
    <time>2026-09-22T11:25:30Z</time>
    <extensions>
     <gpxtpx:TrackPointExtension>
      <gpxtpx:atemp>29</gpxtpx:atemp>
      <gpxtpx:hr>113</gpxtpx:hr>
     </gpxtpx:TrackPointExtension>
    </extensions>
   </trkpt>
   <trkpt lat="36.4021563" lon="30.4953779">
    <ele>-1.1</ele>
    <time>2026-09-22T11:25:33Z</time>
    <extensions>
     <gpxtpx:TrackPointExtension>
      <gpxtpx:atemp>30</gpxtpx:atemp>
      <gpxtpx:hr>114</gpxtpx:hr>
     </gpxtpx:TrackPointExtension>
    </extensions>
   </trkpt>
   <trkpt lat="36.4021859" lon="30.4954852">
    <ele>-0.9</ele>
    <time>2026-09-22T11:25:38Z</time>
    <extensions>
     <gpxtpx:TrackPointExtension>
      <gpxtpx:atemp>30</gpxtpx:atemp>
      <gpxtpx:hr>115</gpxtpx:hr>
     </gpxtpx:TrackPointExtension>
    </extensions>
   </trkpt>
   <trkpt lat="36.4022154" lon="30.4955991">
    <ele>1.0</ele>
    <time>2026-09-22T11:25:43Z</time>
    <extensions>
     <gpxtpx:TrackPointExtension>
      <gpxtpx:atemp>29</gpxtpx:atemp>
      <gpxtpx:hr>115</gpxtpx:hr>
     </gpxtpx:TrackPointExtension>
    </extensions>
   </trkpt>
   <trkpt lat="36.4022411" lon="30.4956952">
    <ele>-0.7</ele>
    <time>2026-09-22T11:25:47Z</time>
    <extensions>
     <gpxtpx:TrackPointExtension>
      <gpxtpx:atemp>29</gpxtpx:atemp>
      <gpxtpx:hr>114</gpxtpx:hr>
     </gpxtpx:TrackPointExtension>
    </extensions>
   </trkpt>
   <trkpt lat="36.4022642" lon="30.4957855">
    <ele>0.9</ele>
    <time>2026-09-22T11:25:51Z</time>
    <extensions>
     <gpxtpx:TrackPointExtension>
      <gpxtpx:atemp>29</gpxtpx:atemp>
      <gpxtpx:hr>116</gpxtpx:hr>
     </gpxtpx:TrackPointExtension>
    </extensions>
   </trkpt>
   <trkpt lat="36.4022924" lon="30.4958789">
    <ele>-0.1</ele>
    <time>2026-09-22T11:25:55Z</time>
    <extensions>
     <gpxtpx:TrackPointExtension>
      <gpxtpx:atemp>29</gpxtpx:atemp>
      <gpxtpx:hr>115</gpxtpx:hr>
     </gpxtpx:TrackPointExtension>
    </extensions>
   </trkpt>
   <trkpt lat="36.4023223" lon="30.4959948">
    <ele>-1.1</ele>
    <time>2026-09-22T11:26:00Z</time>
    <extensions>
     <gpxtpx:TrackPointExtension>
      <gpxtpx:atemp>29</gpxtpx:atemp>
      <gpxtpx:hr>113</gpxtpx:hr>
     </gpxtpx:TrackPointExtension>
    </extensions>
   </trkpt>
   <trkpt lat="36.4023558" lon="30.4961089">
    <ele>0.2</ele>
    <time>2026-09-22T11:26:05Z</time>
    <extensions>
     <gpxtpx:TrackPointExtension>
      <gpxtpx:atemp>29</gpxtpx:atemp>
      <gpxtpx:hr>111</gpxtpx:hr>
     </gpxtpx:TrackPointExtension>
    </extensions>
   </trkpt>
   <trkpt lat="36.4023935" lon="30.4962189">
    <ele>0.2</ele>
    <time>2026-09-22T11:26:10Z</time>
    <extensions>
     <gpxtpx:TrackPointExtension>
      <gpxtpx:atemp>29</gpxtpx:atemp>
      <gpxtpx:hr>111</gpxtpx:hr>
     </gpxtpx:TrackPointExtension>
    </extensions>
   </trkpt>
   <trkpt lat="36.4024321" lon="30.4963344">
    <ele>-0.1</ele>
    <time>2026-09-22T11:26:15Z</time>
    <extensions>
     <gpxtpx:TrackPointExtension>
      <gpxtpx:atemp>29</gpxtpx:atemp>
      <gpxtpx:hr>110</gpxtpx:hr>
     </gpxtpx:TrackPointExtension>
    </extensions>
   </trkpt>
   <trkpt lat="36.4024700" lon="30.4964509">
    <ele>-0.1</ele>
    <time>2026-09-22T11:26:20Z</time>
    <extensions>
     <gpxtpx:TrackPointExtension>
      <gpxtpx:atemp>29</gpxtpx:atemp>
      <gpxtpx:hr>111</gpxtpx:hr>
     </gpxtpx:TrackPointExtension>
    </extensions>
   </trkpt>
   <trkpt lat="36.4025007" lon="30.4965411">
    <ele>-0.2</ele>
    <time>2026-09-22T11:26:24Z</time>
    <extensions>
     <gpxtpx:TrackPointExtension>
      <gpxtpx:atemp>29</gpxtpx:atemp>
      <gpxtpx:hr>111</gpxtpx:hr>
     </gpxtpx:TrackPointExtension>
    </extensions>
   </trkpt>
   <trkpt lat="36.4025430" lon="30.4966808">
    <ele>-0.0</ele>
    <time>2026-09-22T11:26:30Z</time>
    <extensions>
     <gpxtpx:TrackPointExtension>
      <gpxtpx:atemp>29</gpxtpx:atemp>
      <gpxtpx:hr>111</gpxtpx:hr>
     </gpxtpx:TrackPointExtension>
    </extensions>
   </trkpt>
   <trkpt lat="36.4025746" lon="30.4967758">
    <ele>-0.7</ele>
    <time>2026-09-22T11:26:34Z</time>
    <extensions>
     <gpxtpx:TrackPointExtension>
      <gpxtpx:atemp>29</gpxtpx:atemp>
      <gpxtpx:hr>111</gpxtpx:hr>
     </gpxtpx:TrackPointExtension>
    </extensions>
   </trkpt>
   <trkpt lat="36.4025991" lon="30.4968442">
    <ele>-0.4</ele>
    <time>2026-09-22T11:26:37Z</time>
    <extensions>
     <gpxtpx:TrackPointExtension>
      <gpxtpx:atemp>29</gpxtpx:atemp>
      <gpxtpx:hr>111</gpxtpx:hr>
     </gpxtpx:TrackPointExtension>
    </extensions>
   </trkpt>
   <trkpt lat="36.4026333" lon="30.4969556">
    <ele>-0.5</ele>
    <time>2026-09-22T11:26:42Z</time>
    <extensions>
     <gpxtpx:TrackPointExtension>
      <gpxtpx:atemp>29</gpxtpx:atemp>
      <gpxtpx:hr>110</gpxtpx:hr>
     </gpxtpx:TrackPointExtension>
    </extensions>
   </trkpt>
   <trkpt lat="36.4026603" lon="30.4970495">
    <ele>0.6</ele>
    <time>2026-09-22T11:26:46Z</time>
    <extensions>
     <gpxtpx:TrackPointExtension>
      <gpxtpx:atemp>29</gpxtpx:atemp>
      <gpxtpx:hr>109</gpxtpx:hr>
     </gpxtpx:TrackPointExtension>
    </extensions>
   </trkpt>
   <trkpt lat="36.4027084" lon="30.4971865">
    <ele>-0.3</ele>
    <time>2026-09-22T11:26:52Z</time>
    <extensions>
     <gpxtpx:TrackPointExtension>
      <gpxtpx:atemp>29</gpxtpx:atemp>
      <gpxtpx:hr>109</gpxtpx:hr>
     </gpxtpx:TrackPointExtension>
    </extensions>
   </trkpt>
   <trkpt lat="36.4027402" lon="30.4972831">
    <ele>-0.4</ele>
    <time>2026-09-22T11:26:56Z</time>
    <extensions>
     <gpxtpx:TrackPointExtension>
      <gpxtpx:atemp>29</gpxtpx:atemp>
      <gpxtpx:hr>108</gpxtpx:hr>
     </gpxtpx:TrackPointExtension>
    </extensions>
   </trkpt>
   <trkpt lat="36.4027868" lon="30.4974266">
    <ele>0.3</ele>
    <time>2026-09-22T11:27:02Z</time>
    <extensions>
     <gpxtpx:TrackPointExtension>
      <gpxtpx:atemp>29</gpxtpx:atemp>
      <gpxtpx:hr>106</gpxtpx:hr>
     </gpxtpx:TrackPointExtension>
    </extensions>
   </trkpt>
   <trkpt lat="36.4028135" lon="30.4975255">
    <ele>0.2</ele>
    <time>2026-09-22T11:27:06Z</time>
    <extensions>
     <gpxtpx:TrackPointExtension>
      <gpxtpx:atemp>29</gpxtpx:atemp>
      <gpxtpx:hr>106</gpxtpx:hr>
     </gpxtpx:TrackPointExtension>
    </extensions>
   </trkpt>
   <trkpt lat="36.4028304" lon="30.4975900">
    <ele>0.0</ele>
    <time>2026-09-22T11:27:09Z</time>
    <extensions>
     <gpxtpx:TrackPointExtension>
      <gpxtpx:atemp>29</gpxtpx:atemp>
      <gpxtpx:hr>104</gpxtpx:hr>
     </gpxtpx:TrackPointExtension>
    </extensions>
   </trkpt>
   <trkpt lat="36.4028530" lon="30.4976581">
    <ele>0.1</ele>
    <time>2026-09-22T11:27:12Z</time>
    <extensions>
     <gpxtpx:TrackPointExtension>
      <gpxtpx:atemp>29</gpxtpx:atemp>
      <gpxtpx:hr>105</gpxtpx:hr>
     </gpxtpx:TrackPointExtension>
    </extensions>
   </trkpt>
   <trkpt lat="36.4028894" lon="30.4977752">
    <ele>-0.0</ele>
    <time>2026-09-22T11:27:17Z</time>
    <extensions>
     <gpxtpx:TrackPointExtension>
      <gpxtpx:atemp>29</gpxtpx:atemp>
      <gpxtpx:hr>108</gpxtpx:hr>
     </gpxtpx:TrackPointExtension>
    </extensions>
   </trkpt>
   <trkpt lat="36.4029176" lon="30.4978506">
    <ele>-0.1</ele>
    <time>2026-09-22T11:27:20Z</time>
    <extensions>
     <gpxtpx:TrackPointExtension>
      <gpxtpx:atemp>29</gpxtpx:atemp>
      <gpxtpx:hr>106</gpxtpx:hr>
     </gpxtpx:TrackPointExtension>
    </extensions>
   </trkpt>
   <trkpt lat="36.4029500" lon="30.4979693">
    <ele>0.1</ele>
    <time>2026-09-22T11:27:25Z</time>
    <extensions>
     <gpxtpx:TrackPointExtension>
      <gpxtpx:atemp>29</gpxtpx:atemp>
      <gpxtpx:hr>107</gpxtpx:hr>
     </gpxtpx:TrackPointExtension>
    </extensions>
   </trkpt>
   <trkpt lat="36.4029732" lon="30.4980346">
    <ele>0.4</ele>
    <time>2026-09-22T11:27:28Z</time>
    <extensions>
     <gpxtpx:TrackPointExtension>
      <gpxtpx:atemp>29</gpxtpx:atemp>
      <gpxtpx:hr>106</gpxtpx:hr>
     </gpxtpx:TrackPointExtension>
    </extensions>
   </trkpt>
   <trkpt lat="36.4030179" lon="30.4981732">
    <ele>-0.4</ele>
    <time>2026-09-22T11:27:34Z</time>
    <extensions>
     <gpxtpx:TrackPointExtension>
      <gpxtpx:atemp>29</gpxtpx:atemp>
      <gpxtpx:hr>108</gpxtpx:hr>
     </gpxtpx:TrackPointExtension>
    </extensions>
   </trkpt>
   <trkpt lat="36.4030461" lon="30.4982868">
    <ele>-1.3</ele>
    <time>2026-09-22T11:27:39Z</time>
    <extensions>
     <gpxtpx:TrackPointExtension>
      <gpxtpx:atemp>29</gpxtpx:atemp>
      <gpxtpx:hr>108</gpxtpx:hr>
     </gpxtpx:TrackPointExtension>
    </extensions>
   </trkpt>
   <trkpt lat="36.4030737" lon="30.4983809">
    <ele>0.5</ele>
    <time>2026-09-22T11:27:43Z</time>
    <extensions>
     <gpxtpx:TrackPointExtension>
      <gpxtpx:atemp>29</gpxtpx:atemp>
      <gpxtpx:hr>109</gpxtpx:hr>
     </gpxtpx:TrackPointExtension>
    </extensions>
   </trkpt>
   <trkpt lat="36.4031064" lon="30.4984913">
    <ele>-0.1</ele>
    <time>2026-09-22T11:27:48Z</time>
    <extensions>
     <gpxtpx:TrackPointExtension>
      <gpxtpx:atemp>29</gpxtpx:atemp>
      <gpxtpx:hr>107</gpxtpx:hr>
     </gpxtpx:TrackPointExtension>
    </extensions>
   </trkpt>
   <trkpt lat="36.4031330" lon="30.4986118">
    <ele>0.8</ele>
    <time>2026-09-22T11:27:53Z</time>
    <extensions>
     <gpxtpx:TrackPointExtension>
      <gpxtpx:atemp>29</gpxtpx:atemp>
      <gpxtpx:hr>107</gpxtpx:hr>
     </gpxtpx:TrackPointExtension>
    </extensions>
   </trkpt>
   <trkpt lat="36.4031547" lon="30.4986985">
    <ele>-0.6</ele>
    <time>2026-09-22T11:27:57Z</time>
    <extensions>
     <gpxtpx:TrackPointExtension>
      <gpxtpx:atemp>29</gpxtpx:atemp>
      <gpxtpx:hr>107</gpxtpx:hr>
     </gpxtpx:TrackPointExtension>
    </extensions>
   </trkpt>
   <trkpt lat="36.4031856" lon="30.4988133">
    <ele>0.5</ele>
    <time>2026-09-22T11:28:02Z</time>
    <extensions>
     <gpxtpx:TrackPointExtension>
      <gpxtpx:atemp>29</gpxtpx:atemp>
      <gpxtpx:hr>105</gpxtpx:hr>
     </gpxtpx:TrackPointExtension>
    </extensions>
   </trkpt>
   <trkpt lat="36.4032234" lon="30.4989485">
    <ele>-0.3</ele>
    <time>2026-09-22T11:28:08Z</time>
    <extensions>
     <gpxtpx:TrackPointExtension>
      <gpxtpx:atemp>29</gpxtpx:atemp>
      <gpxtpx:hr>105</gpxtpx:hr>
     </gpxtpx:TrackPointExtension>
    </extensions>
   </trkpt>
   <trkpt lat="36.4032459" lon="30.4990443">
    <ele>0.4</ele>
    <time>2026-09-22T11:28:12Z</time>
    <extensions>
     <gpxtpx:TrackPointExtension>
      <gpxtpx:atemp>29</gpxtpx:atemp>
      <gpxtpx:hr>105</gpxtpx:hr>
     </gpxtpx:TrackPointExtension>
    </extensions>
   </trkpt>
   <trkpt lat="36.4032695" lon="30.4991337">
    <ele>-0.9</ele>
    <time>2026-09-22T11:28:16Z</time>
    <extensions>
     <gpxtpx:TrackPointExtension>
      <gpxtpx:atemp>29</gpxtpx:atemp>
      <gpxtpx:hr>102</gpxtpx:hr>
     </gpxtpx:TrackPointExtension>
    </extensions>
   </trkpt>
   <trkpt lat="36.4032971" lon="30.4992478">
    <ele>0.2</ele>
    <time>2026-09-22T11:28:21Z</time>
    <extensions>
     <gpxtpx:TrackPointExtension>
      <gpxtpx:atemp>29</gpxtpx:atemp>
      <gpxtpx:hr>104</gpxtpx:hr>
     </gpxtpx:TrackPointExtension>
    </extensions>
   </trkpt>
   <trkpt lat="36.4033175" lon="30.4993417">
    <ele>-0.3</ele>
    <time>2026-09-22T11:28:25Z</time>
    <extensions>
     <gpxtpx:TrackPointExtension>
      <gpxtpx:atemp>29</gpxtpx:atemp>
      <gpxtpx:hr>102</gpxtpx:hr>
     </gpxtpx:TrackPointExtension>
    </extensions>
   </trkpt>
   <trkpt lat="36.4033420" lon="30.4994362">
    <ele>0.0</ele>
    <time>2026-09-22T11:28:29Z</time>
    <extensions>
     <gpxtpx:TrackPointExtension>
      <gpxtpx:atemp>29</gpxtpx:atemp>
      <gpxtpx:hr>102</gpxtpx:hr>
     </gpxtpx:TrackPointExtension>
    </extensions>
   </trkpt>
   <trkpt lat="36.4033722" lon="30.4995279">
    <ele>0.8</ele>
    <time>2026-09-22T11:28:33Z</time>
    <extensions>
     <gpxtpx:TrackPointExtension>
      <gpxtpx:atemp>29</gpxtpx:atemp>
      <gpxtpx:hr>101</gpxtpx:hr>
     </gpxtpx:TrackPointExtension>
    </extensions>
   </trkpt>
   <trkpt lat="36.4033898" lon="30.4995984">
    <ele>-1.2</ele>
    <time>2026-09-22T11:28:36Z</time>
    <extensions>
     <gpxtpx:TrackPointExtension>
      <gpxtpx:atemp>29</gpxtpx:atemp>
      <gpxtpx:hr>102</gpxtpx:hr>
     </gpxtpx:TrackPointExtension>
    </extensions>
   </trkpt>
   <trkpt lat="36.4034103" lon="30.4996861">
    <ele>-0.4</ele>
    <time>2026-09-22T11:28:40Z</time>
    <extensions>
     <gpxtpx:TrackPointExtension>
      <gpxtpx:atemp>29</gpxtpx:atemp>
      <gpxtpx:hr>102</gpxtpx:hr>
     </gpxtpx:TrackPointExtension>
    </extensions>
   </trkpt>
   <trkpt lat="36.4034331" lon="30.4997727">
    <ele>0.2</ele>
    <time>2026-09-22T11:28:44Z</time>
    <extensions>
     <gpxtpx:TrackPointExtension>
      <gpxtpx:atemp>29</gpxtpx:atemp>
      <gpxtpx:hr>103</gpxtpx:hr>
     </gpxtpx:TrackPointExtension>
    </extensions>
   </trkpt>
   <trkpt lat="36.4034610" lon="30.4998837">
    <ele>-0.9</ele>
    <time>2026-09-22T11:28:49Z</time>
    <extensions>
     <gpxtpx:TrackPointExtension>
      <gpxtpx:atemp>29</gpxtpx:atemp>
      <gpxtpx:hr>102</gpxtpx:hr>
     </gpxtpx:TrackPointExtension>
    </extensions>
   </trkpt>
   <trkpt lat="36.4034922" lon="30.4999975">
    <ele>0.8</ele>
    <time>2026-09-22T11:28:54Z</time>
    <extensions>
     <gpxtpx:TrackPointExtension>
      <gpxtpx:atemp>29</gpxtpx:atemp>
      <gpxtpx:hr>103</gpxtpx:hr>
     </gpxtpx:TrackPointExtension>
    </extensions>
   </trkpt>
   <trkpt lat="36.4035160" lon="30.5000939">
    <ele>0.1</ele>
    <time>2026-09-22T11:28:58Z</time>
    <extensions>
     <gpxtpx:TrackPointExtension>
      <gpxtpx:atemp>29</gpxtpx:atemp>
      <gpxtpx:hr>104</gpxtpx:hr>
     </gpxtpx:TrackPointExtension>
    </extensions>
   </trkpt>
   <trkpt lat="36.4035376" lon="30.5001867">
    <ele>0.4</ele>
    <time>2026-09-22T11:29:02Z</time>
    <extensions>
     <gpxtpx:TrackPointExtension>
      <gpxtpx:atemp>29</gpxtpx:atemp>
      <gpxtpx:hr>105</gpxtpx:hr>
     </gpxtpx:TrackPointExtension>
    </extensions>
   </trkpt>
   <trkpt lat="36.4035689" lon="30.5003010">
    <ele>0.3</ele>
    <time>2026-09-22T11:29:07Z</time>
    <extensions>
     <gpxtpx:TrackPointExtension>
      <gpxtpx:atemp>29</gpxtpx:atemp>
      <gpxtpx:hr>105</gpxtpx:hr>
     </gpxtpx:TrackPointExtension>
    </extensions>
   </trkpt>
   <trkpt lat="36.4035720" lon="30.5003934">
    <ele>-0.2</ele>
    <time>2026-09-22T11:29:12Z</time>
    <extensions>
     <gpxtpx:TrackPointExtension>
      <gpxtpx:atemp>29</gpxtpx:atemp>
      <gpxtpx:hr>108</gpxtpx:hr>
     </gpxtpx:TrackPointExtension>
    </extensions>
   </trkpt>
   <trkpt lat="36.4035488" lon="30.5004357">
    <ele>-0.6</ele>
    <time>2026-09-22T11:29:16Z</time>
    <extensions>
     <gpxtpx:TrackPointExtension>
      <gpxtpx:atemp>29</gpxtpx:atemp>
      <gpxtpx:hr>111</gpxtpx:hr>
     </gpxtpx:TrackPointExtension>
    </extensions>
   </trkpt>
   <trkpt lat="36.4035171" lon="30.5004604">
    <ele>0.6</ele>
    <time>2026-09-22T11:29:20Z</time>
    <extensions>
     <gpxtpx:TrackPointExtension>
      <gpxtpx:atemp>29</gpxtpx:atemp>
      <gpxtpx:hr>113</gpxtpx:hr>
     </gpxtpx:TrackPointExtension>
    </extensions>
   </trkpt>
   <trkpt lat="36.4034827" lon="30.5004760">
    <ele>0.1</ele>
    <time>2026-09-22T11:29:23Z</time>
    <extensions>
     <gpxtpx:TrackPointExtension>
      <gpxtpx:atemp>29</gpxtpx:atemp>
      <gpxtpx:hr>112</gpxtpx:hr>
     </gpxtpx:TrackPointExtension>
    </extensions>
   </trkpt>
   <trkpt lat="36.4034271" lon="30.5005008">
    <ele>0.4</ele>
    <time>2026-09-22T11:29:27Z</time>
    <extensions>
     <gpxtpx:TrackPointExtension>
      <gpxtpx:atemp>29</gpxtpx:atemp>
      <gpxtpx:hr>112</gpxtpx:hr>
     </gpxtpx:TrackPointExtension>
    </extensions>
   </trkpt>
   <trkpt lat="36.4033621" lon="30.5005347">
    <ele>-1.2</ele>
    <time>2026-09-22T11:29:31Z</time>
    <extensions>
     <gpxtpx:TrackPointExtension>
      <gpxtpx:atemp>29</gpxtpx:atemp>
      <gpxtpx:hr>114</gpxtpx:hr>
     </gpxtpx:TrackPointExtension>
    </extensions>
   </trkpt>
   <trkpt lat="36.4033082" lon="30.5005611">
    <ele>0.1</ele>
    <time>2026-09-22T11:29:34Z</time>
    <extensions>
     <gpxtpx:TrackPointExtension>
      <gpxtpx:atemp>29</gpxtpx:atemp>
      <gpxtpx:hr>114</gpxtpx:hr>
     </gpxtpx:TrackPointExtension>
    </extensions>
   </trkpt>
   <trkpt lat="36.4032214" lon="30.5006005">
    <ele>-1.1</ele>
    <time>2026-09-22T11:29:39Z</time>
    <extensions>
     <gpxtpx:TrackPointExtension>
      <gpxtpx:atemp>29</gpxtpx:atemp>
      <gpxtpx:hr>113</gpxtpx:hr>
     </gpxtpx:TrackPointExtension>
    </extensions>
   </trkpt>
   <trkpt lat="36.4031308" lon="30.5006421">
    <ele>0.1</ele>
    <time>2026-09-22T11:29:44Z</time>
    <extensions>
     <gpxtpx:TrackPointExtension>
      <gpxtpx:atemp>29</gpxtpx:atemp>
      <gpxtpx:hr>114</gpxtpx:hr>
     </gpxtpx:TrackPointExtension>
    </extensions>
   </trkpt>
   <trkpt lat="36.4030410" lon="30.5006950">
    <ele>0.9</ele>
    <time>2026-09-22T11:29:49Z</time>
    <extensions>
     <gpxtpx:TrackPointExtension>
      <gpxtpx:atemp>29</gpxtpx:atemp>
      <gpxtpx:hr>116</gpxtpx:hr>
     </gpxtpx:TrackPointExtension>
    </extensions>
   </trkpt>
   <trkpt lat="36.4029503" lon="30.5007382">
    <ele>-0.2</ele>
    <time>2026-09-22T11:29:54Z</time>
    <extensions>
     <gpxtpx:TrackPointExtension>
      <gpxtpx:atemp>29</gpxtpx:atemp>
      <gpxtpx:hr>118</gpxtpx:hr>
     </gpxtpx:TrackPointExtension>
    </extensions>
   </trkpt>
   <trkpt lat="36.4028976" lon="30.5007649">
    <ele>0.1</ele>
    <time>2026-09-22T11:29:57Z</time>
    <extensions>
     <gpxtpx:TrackPointExtension>
      <gpxtpx:atemp>29</gpxtpx:atemp>
      <gpxtpx:hr>117</gpxtpx:hr>
     </gpxtpx:TrackPointExtension>
    </extensions>
   </trkpt>
   <trkpt lat="36.4028241" lon="30.5008039">
    <ele>-0.6</ele>
    <time>2026-09-22T11:30:01Z</time>
    <extensions>
     <gpxtpx:TrackPointExtension>
      <gpxtpx:atemp>29</gpxtpx:atemp>
      <gpxtpx:hr>115</gpxtpx:hr>
     </gpxtpx:TrackPointExtension>
    </extensions>
   </trkpt>
   <trkpt lat="36.4027300" lon="30.5008458">
    <ele>-0.1</ele>
    <time>2026-09-22T11:30:06Z</time>
    <extensions>
     <gpxtpx:TrackPointExtension>
      <gpxtpx:atemp>29</gpxtpx:atemp>
      <gpxtpx:hr>113</gpxtpx:hr>
     </gpxtpx:TrackPointExtension>
    </extensions>
   </trkpt>
   <trkpt lat="36.4026366" lon="30.5008933">
    <ele>-0.4</ele>
    <time>2026-09-22T11:30:11Z</time>
    <extensions>
     <gpxtpx:TrackPointExtension>
      <gpxtpx:atemp>29</gpxtpx:atemp>
      <gpxtpx:hr>112</gpxtpx:hr>
     </gpxtpx:TrackPointExtension>
    </extensions>
   </trkpt>
   <trkpt lat="36.4025490" lon="30.5009359">
    <ele>0.7</ele>
    <time>2026-09-22T11:30:16Z</time>
    <extensions>
     <gpxtpx:TrackPointExtension>
      <gpxtpx:atemp>29</gpxtpx:atemp>
      <gpxtpx:hr>110</gpxtpx:hr>
     </gpxtpx:TrackPointExtension>
    </extensions>
   </trkpt>
   <trkpt lat="36.4024520" lon="30.5009838">
    <ele>1.0</ele>
    <time>2026-09-22T11:30:21Z</time>
    <extensions>
     <gpxtpx:TrackPointExtension>
      <gpxtpx:atemp>29</gpxtpx:atemp>
      <gpxtpx:hr>107</gpxtpx:hr>
     </gpxtpx:TrackPointExtension>
    </extensions>
   </trkpt>
   <trkpt lat="36.4023568" lon="30.5010250">
    <ele>0.6</ele>
    <time>2026-09-22T11:30:26Z</time>
    <extensions>
     <gpxtpx:TrackPointExtension>
      <gpxtpx:atemp>29</gpxtpx:atemp>
      <gpxtpx:hr>107</gpxtpx:hr>
     </gpxtpx:TrackPointExtension>
    </extensions>
   </trkpt>
   <trkpt lat="36.4022630" lon="30.5010710">
    <ele>0.1</ele>
    <time>2026-09-22T11:30:31Z</time>
    <extensions>
     <gpxtpx:TrackPointExtension>
      <gpxtpx:atemp>29</gpxtpx:atemp>
      <gpxtpx:hr>108</gpxtpx:hr>
     </gpxtpx:TrackPointExtension>
    </extensions>
   </trkpt>
   <trkpt lat="36.4022073" lon="30.5011005">
    <ele>-0.3</ele>
    <time>2026-09-22T11:30:34Z</time>
    <extensions>
     <gpxtpx:TrackPointExtension>
      <gpxtpx:atemp>29</gpxtpx:atemp>
      <gpxtpx:hr>107</gpxtpx:hr>
     </gpxtpx:TrackPointExtension>
    </extensions>
   </trkpt>
   <trkpt lat="36.4020941" lon="30.5011537">
    <ele>0.6</ele>
    <time>2026-09-22T11:30:40Z</time>
    <extensions>
     <gpxtpx:TrackPointExtension>
      <gpxtpx:atemp>29</gpxtpx:atemp>
      <gpxtpx:hr>105</gpxtpx:hr>
     </gpxtpx:TrackPointExtension>
    </extensions>
   </trkpt>
   <trkpt lat="36.4020207" lon="30.5011927">
    <ele>1.3</ele>
    <time>2026-09-22T11:30:44Z</time>
    <extensions>
     <gpxtpx:TrackPointExtension>
      <gpxtpx:atemp>29</gpxtpx:atemp>
      <gpxtpx:hr>104</gpxtpx:hr>
     </gpxtpx:TrackPointExtension>
    </extensions>
   </trkpt>
   <trkpt lat="36.4019268" lon="30.5012349">
    <ele>1.0</ele>
    <time>2026-09-22T11:30:49Z</time>
    <extensions>
     <gpxtpx:TrackPointExtension>
      <gpxtpx:atemp>29</gpxtpx:atemp>
      <gpxtpx:hr>104</gpxtpx:hr>
     </gpxtpx:TrackPointExtension>
    </extensions>
   </trkpt>
   <trkpt lat="36.4018468" lon="30.5012689">
    <ele>-0.5</ele>
    <time>2026-09-22T11:30:53Z</time>
    <extensions>
     <gpxtpx:TrackPointExtension>
      <gpxtpx:atemp>29</gpxtpx:atemp>
      <gpxtpx:hr>103</gpxtpx:hr>
     </gpxtpx:TrackPointExtension>
    </extensions>
   </trkpt>
   <trkpt lat="36.4017911" lon="30.5012945">
    <ele>-0.1</ele>
    <time>2026-09-22T11:30:56Z</time>
    <extensions>
     <gpxtpx:TrackPointExtension>
      <gpxtpx:atemp>29</gpxtpx:atemp>
      <gpxtpx:hr>103</gpxtpx:hr>
     </gpxtpx:TrackPointExtension>
    </extensions>
   </trkpt>
   <trkpt lat="36.4016947" lon="30.5013383">
    <ele>0.0</ele>
    <time>2026-09-22T11:31:01Z</time>
    <extensions>
     <gpxtpx:TrackPointExtension>
      <gpxtpx:atemp>29</gpxtpx:atemp>
      <gpxtpx:hr>104</gpxtpx:hr>
     </gpxtpx:TrackPointExtension>
    </extensions>
   </trkpt>
   <trkpt lat="36.4016182" lon="30.5013774">
    <ele>-0.9</ele>
    <time>2026-09-22T11:31:05Z</time>
    <extensions>
     <gpxtpx:TrackPointExtension>
      <gpxtpx:atemp>29</gpxtpx:atemp>
      <gpxtpx:hr>103</gpxtpx:hr>
     </gpxtpx:TrackPointExtension>
    </extensions>
   </trkpt>
   <trkpt lat="36.4015044" lon="30.5014262">
    <ele>-0.1</ele>
    <time>2026-09-22T11:31:11Z</time>
    <extensions>
     <gpxtpx:TrackPointExtension>
      <gpxtpx:atemp>29</gpxtpx:atemp>
      <gpxtpx:hr>102</gpxtpx:hr>
     </gpxtpx:TrackPointExtension>
    </extensions>
   </trkpt>
   <trkpt lat="36.4014258" lon="30.5014632">
    <ele>-0.0</ele>
    <time>2026-09-22T11:31:15Z</time>
    <extensions>
     <gpxtpx:TrackPointExtension>
      <gpxtpx:atemp>29</gpxtpx:atemp>
      <gpxtpx:hr>104</gpxtpx:hr>
     </gpxtpx:TrackPointExtension>
    </extensions>
   </trkpt>
   <trkpt lat="36.4013490" lon="30.5015022">
    <ele>0.4</ele>
    <time>2026-09-22T11:31:19Z</time>
    <extensions>
     <gpxtpx:TrackPointExtension>
      <gpxtpx:atemp>29</gpxtpx:atemp>
      <gpxtpx:hr>106</gpxtpx:hr>
     </gpxtpx:TrackPointExtension>
    </extensions>
   </trkpt>
   <trkpt lat="36.4012563" lon="30.5015463">
    <ele>0.1</ele>
    <time>2026-09-22T11:31:24Z</time>
    <extensions>
     <gpxtpx:TrackPointExtension>
      <gpxtpx:atemp>29</gpxtpx:atemp>
      <gpxtpx:hr>105</gpxtpx:hr>
     </gpxtpx:TrackPointExtension>
    </extensions>
   </trkpt>
   <trkpt lat="36.4011839" lon="30.5015774">
    <ele>0.6</ele>
    <time>2026-09-22T11:31:28Z</time>
    <extensions>
     <gpxtpx:TrackPointExtension>
      <gpxtpx:atemp>29</gpxtpx:atemp>
      <gpxtpx:hr>104</gpxtpx:hr>
     </gpxtpx:TrackPointExtension>
    </extensions>
   </trkpt>
   <trkpt lat="36.4010897" lon="30.5016156">
    <ele>1.0</ele>
    <time>2026-09-22T11:31:33Z</time>
    <extensions>
     <gpxtpx:TrackPointExtension>
      <gpxtpx:atemp>29</gpxtpx:atemp>
      <gpxtpx:hr>105</gpxtpx:hr>
     </gpxtpx:TrackPointExtension>
    </extensions>
   </trkpt>
   <trkpt lat="36.4010190" lon="30.5016550">
    <ele>-0.2</ele>
    <time>2026-09-22T11:31:37Z</time>
    <extensions>
     <gpxtpx:TrackPointExtension>
      <gpxtpx:atemp>29</gpxtpx:atemp>
      <gpxtpx:hr>104</gpxtpx:hr>
     </gpxtpx:TrackPointExtension>
    </extensions>
   </trkpt>
   <trkpt lat="36.4009270" lon="30.5016952">
    <ele>-0.3</ele>
    <time>2026-09-22T11:31:42Z</time>
    <extensions>
     <gpxtpx:TrackPointExtension>
      <gpxtpx:atemp>29</gpxtpx:atemp>
      <gpxtpx:hr>106</gpxtpx:hr>
     </gpxtpx:TrackPointExtension>
    </extensions>
   </trkpt>
   <trkpt lat="36.4008532" lon="30.5017297">
    <ele>1.0</ele>
    <time>2026-09-22T11:31:46Z</time>
    <extensions>
     <gpxtpx:TrackPointExtension>
      <gpxtpx:atemp>29</gpxtpx:atemp>
      <gpxtpx:hr>106</gpxtpx:hr>
     </gpxtpx:TrackPointExtension>
    </extensions>
   </trkpt>
   <trkpt lat="36.4007467" lon="30.5017853">
    <ele>0.7</ele>
    <time>2026-09-22T11:31:52Z</time>
    <extensions>
     <gpxtpx:TrackPointExtension>
      <gpxtpx:atemp>29</gpxtpx:atemp>
      <gpxtpx:hr>109</gpxtpx:hr>
     </gpxtpx:TrackPointExtension>
    </extensions>
   </trkpt>
   <trkpt lat="36.4006768" lon="30.5018204">
    <ele>0.3</ele>
    <time>2026-09-22T11:31:56Z</time>
    <extensions>
     <gpxtpx:TrackPointExtension>
      <gpxtpx:atemp>29</gpxtpx:atemp>
      <gpxtpx:hr>109</gpxtpx:hr>
     </gpxtpx:TrackPointExtension>
    </extensions>
   </trkpt>
   <trkpt lat="36.4005856" lon="30.5018644">
    <ele>-0.5</ele>
    <time>2026-09-22T11:32:01Z</time>
    <extensions>
     <gpxtpx:TrackPointExtension>
      <gpxtpx:atemp>29</gpxtpx:atemp>
      <gpxtpx:hr>108</gpxtpx:hr>
     </gpxtpx:TrackPointExtension>
    </extensions>
   </trkpt>
   <trkpt lat="36.4005131" lon="30.5019017">
    <ele>1.2</ele>
    <time>2026-09-22T11:32:05Z</time>
    <extensions>
     <gpxtpx:TrackPointExtension>
      <gpxtpx:atemp>29</gpxtpx:atemp>
      <gpxtpx:hr>107</gpxtpx:hr>
     </gpxtpx:TrackPointExtension>
    </extensions>
   </trkpt>
   <trkpt lat="36.4004226" lon="30.5019534">
    <ele>0.6</ele>
    <time>2026-09-22T11:32:10Z</time>
    <extensions>
     <gpxtpx:TrackPointExtension>
      <gpxtpx:atemp>30</gpxtpx:atemp>
      <gpxtpx:hr>105</gpxtpx:hr>
     </gpxtpx:TrackPointExtension>
    </extensions>
   </trkpt>
   <trkpt lat="36.4003697" lon="30.5019818">
    <ele>-0.7</ele>
    <time>2026-09-22T11:32:13Z</time>
    <extensions>
     <gpxtpx:TrackPointExtension>
      <gpxtpx:atemp>30</gpxtpx:atemp>
      <gpxtpx:hr>107</gpxtpx:hr>
     </gpxtpx:TrackPointExtension>
    </extensions>
   </trkpt>
   <trkpt lat="36.4002990" lon="30.5020161">
    <ele>-0.5</ele>
    <time>2026-09-22T11:32:17Z</time>
    <extensions>
     <gpxtpx:TrackPointExtension>
      <gpxtpx:atemp>30</gpxtpx:atemp>
      <gpxtpx:hr>108</gpxtpx:hr>
     </gpxtpx:TrackPointExtension>
    </extensions>
   </trkpt>
   <trkpt lat="36.4002114" lon="30.5020638">
    <ele>0.3</ele>
    <time>2026-09-22T11:32:22Z</time>
    <extensions>
     <gpxtpx:TrackPointExtension>
      <gpxtpx:atemp>29</gpxtpx:atemp>
      <gpxtpx:hr>106</gpxtpx:hr>
     </gpxtpx:TrackPointExtension>
    </extensions>
   </trkpt>
   <trkpt lat="36.4001194" lon="30.5021057">
    <ele>-1.3</ele>
    <time>2026-09-22T11:32:27Z</time>
    <extensions>
     <gpxtpx:TrackPointExtension>
      <gpxtpx:atemp>29</gpxtpx:atemp>
      <gpxtpx:hr>107</gpxtpx:hr>
     </gpxtpx:TrackPointExtension>
    </extensions>
   </trkpt>
   <trkpt lat="36.4000472" lon="30.5021411">
    <ele>-0.8</ele>
    <time>2026-09-22T11:32:31Z</time>
    <extensions>
     <gpxtpx:TrackPointExtension>
      <gpxtpx:atemp>29</gpxtpx:atemp>
      <gpxtpx:hr>107</gpxtpx:hr>
     </gpxtpx:TrackPointExtension>
    </extensions>
   </trkpt>
   <trkpt lat="36.3999566" lon="30.5021802">
    <ele>-0.7</ele>
    <time>2026-09-22T11:32:36Z</time>
    <extensions>
     <gpxtpx:TrackPointExtension>
      <gpxtpx:atemp>29</gpxtpx:atemp>
      <gpxtpx:hr>106</gpxtpx:hr>
     </gpxtpx:TrackPointExtension>
    </extensions>
   </trkpt>
   <trkpt lat="36.3998821" lon="30.5022094">
    <ele>0.6</ele>
    <time>2026-09-22T11:32:40Z</time>
    <extensions>
     <gpxtpx:TrackPointExtension>
      <gpxtpx:atemp>30</gpxtpx:atemp>
      <gpxtpx:hr>106</gpxtpx:hr>
     </gpxtpx:TrackPointExtension>
    </extensions>
   </trkpt>
   <trkpt lat="36.3997962" lon="30.5022501">
    <ele>0.5</ele>
    <time>2026-09-22T11:32:45Z</time>
    <extensions>
     <gpxtpx:TrackPointExtension>
      <gpxtpx:atemp>30</gpxtpx:atemp>
      <gpxtpx:hr>105</gpxtpx:hr>
     </gpxtpx:TrackPointExtension>
    </extensions>
   </trkpt>
   <trkpt lat="36.3997256" lon="30.5022839">
    <ele>0.3</ele>
    <time>2026-09-22T11:32:49Z</time>
    <extensions>
     <gpxtpx:TrackPointExtension>
      <gpxtpx:atemp>30</gpxtpx:atemp>
      <gpxtpx:hr>103</gpxtpx:hr>
     </gpxtpx:TrackPointExtension>
    </extensions>
   </trkpt>
   <trkpt lat="36.3996328" lon="30.5023265">
    <ele>0.6</ele>
    <time>2026-09-22T11:32:54Z</time>
    <extensions>
     <gpxtpx:TrackPointExtension>
      <gpxtpx:atemp>30</gpxtpx:atemp>
      <gpxtpx:hr>105</gpxtpx:hr>
     </gpxtpx:TrackPointExtension>
    </extensions>
   </trkpt>
   <trkpt lat="36.3995423" lon="30.5023677">
    <ele>0.6</ele>
    <time>2026-09-22T11:32:59Z</time>
    <extensions>
     <gpxtpx:TrackPointExtension>
      <gpxtpx:atemp>30</gpxtpx:atemp>
      <gpxtpx:hr>103</gpxtpx:hr>
     </gpxtpx:TrackPointExtension>
    </extensions>
   </trkpt>
   <trkpt lat="36.3994542" lon="30.5024056">
    <ele>1.4</ele>
    <time>2026-09-22T11:33:04Z</time>
    <extensions>
     <gpxtpx:TrackPointExtension>
      <gpxtpx:atemp>30</gpxtpx:atemp>
      <gpxtpx:hr>105</gpxtpx:hr>
     </gpxtpx:TrackPointExtension>
    </extensions>
   </trkpt>
   <trkpt lat="36.3993664" lon="30.5024454">
    <ele>0.3</ele>
    <time>2026-09-22T11:33:09Z</time>
    <extensions>
     <gpxtpx:TrackPointExtension>
      <gpxtpx:atemp>30</gpxtpx:atemp>
      <gpxtpx:hr>105</gpxtpx:hr>
     </gpxtpx:TrackPointExtension>
    </extensions>
   </trkpt>
   <trkpt lat="36.3992983" lon="30.5024750">
    <ele>0.2</ele>
    <time>2026-09-22T11:33:13Z</time>
    <extensions>
     <gpxtpx:TrackPointExtension>
      <gpxtpx:atemp>30</gpxtpx:atemp>
      <gpxtpx:hr>106</gpxtpx:hr>
     </gpxtpx:TrackPointExtension>
    </extensions>
   </trkpt>
   <trkpt lat="36.3992455" lon="30.5025006">
    <ele>0.8</ele>
    <time>2026-09-22T11:33:16Z</time>
    <extensions>
     <gpxtpx:TrackPointExtension>
      <gpxtpx:atemp>30</gpxtpx:atemp>
      <gpxtpx:hr>105</gpxtpx:hr>
     </gpxtpx:TrackPointExtension>
    </extensions>
   </trkpt>
   <trkpt lat="36.3991562" lon="30.5025413">
    <ele>-0.3</ele>
    <time>2026-09-22T11:33:21Z</time>
    <extensions>
     <gpxtpx:TrackPointExtension>
      <gpxtpx:atemp>30</gpxtpx:atemp>
      <gpxtpx:hr>105</gpxtpx:hr>
     </gpxtpx:TrackPointExtension>
    </extensions>
   </trkpt>
   <trkpt lat="36.3990443" lon="30.5025907">
    <ele>-0.7</ele>
    <time>2026-09-22T11:33:27Z</time>
    <extensions>
     <gpxtpx:TrackPointExtension>
      <gpxtpx:atemp>30</gpxtpx:atemp>
      <gpxtpx:hr>103</gpxtpx:hr>
     </gpxtpx:TrackPointExtension>
    </extensions>
   </trkpt>
   <trkpt lat="36.3989487" lon="30.5026310">
    <ele>-0.6</ele>
    <time>2026-09-22T11:33:32Z</time>
    <extensions>
     <gpxtpx:TrackPointExtension>
      <gpxtpx:atemp>30</gpxtpx:atemp>
      <gpxtpx:hr>105</gpxtpx:hr>
     </gpxtpx:TrackPointExtension>
    </extensions>
   </trkpt>
   <trkpt lat="36.3988730" lon="30.5026621">
    <ele>-0.2</ele>
    <time>2026-09-22T11:33:36Z</time>
    <extensions>
     <gpxtpx:TrackPointExtension>
      <gpxtpx:atemp>30</gpxtpx:atemp>
      <gpxtpx:hr>103</gpxtpx:hr>
     </gpxtpx:TrackPointExtension>
    </extensions>
   </trkpt>
   <trkpt lat="36.3987753" lon="30.5027034">
    <ele>0.2</ele>
    <time>2026-09-22T11:33:41Z</time>
    <extensions>
     <gpxtpx:TrackPointExtension>
      <gpxtpx:atemp>30</gpxtpx:atemp>
      <gpxtpx:hr>104</gpxtpx:hr>
     </gpxtpx:TrackPointExtension>
    </extensions>
   </trkpt>
   <trkpt lat="36.3986796" lon="30.5027469">
    <ele>0.9</ele>
    <time>2026-09-22T11:33:46Z</time>
    <extensions>
     <gpxtpx:TrackPointExtension>
      <gpxtpx:atemp>30</gpxtpx:atemp>
      <gpxtpx:hr>105</gpxtpx:hr>
     </gpxtpx:TrackPointExtension>
    </extensions>
   </trkpt>
   <trkpt lat="36.3985715" lon="30.5027939">
    <ele>1.1</ele>
    <time>2026-09-22T11:33:52Z</time>
    <extensions>
     <gpxtpx:TrackPointExtension>
      <gpxtpx:atemp>30</gpxtpx:atemp>
      <gpxtpx:hr>106</gpxtpx:hr>
     </gpxtpx:TrackPointExtension>
    </extensions>
   </trkpt>
   <trkpt lat="36.3985185" lon="30.5028159">
    <ele>0.0</ele>
    <time>2026-09-22T11:33:55Z</time>
    <extensions>
     <gpxtpx:TrackPointExtension>
      <gpxtpx:atemp>30</gpxtpx:atemp>
      <gpxtpx:hr>106</gpxtpx:hr>
     </gpxtpx:TrackPointExtension>
    </extensions>
   </trkpt>
   <trkpt lat="36.3984283" lon="30.5028585">
    <ele>-0.4</ele>
    <time>2026-09-22T11:34:00Z</time>
    <extensions>
     <gpxtpx:TrackPointExtension>
      <gpxtpx:atemp>30</gpxtpx:atemp>
      <gpxtpx:hr>102</gpxtpx:hr>
     </gpxtpx:TrackPointExtension>
    </extensions>
   </trkpt>
   <trkpt lat="36.3983403" lon="30.5028993">
    <ele>0.7</ele>
    <time>2026-09-22T11:34:05Z</time>
    <extensions>
     <gpxtpx:TrackPointExtension>
      <gpxtpx:atemp>30</gpxtpx:atemp>
      <gpxtpx:hr>102</gpxtpx:hr>
     </gpxtpx:TrackPointExtension>
    </extensions>
   </trkpt>
   <trkpt lat="36.3982295" lon="30.5029375">
    <ele>-0.5</ele>
    <time>2026-09-22T11:34:11Z</time>
    <extensions>
     <gpxtpx:TrackPointExtension>
      <gpxtpx:atemp>30</gpxtpx:atemp>
      <gpxtpx:hr>101</gpxtpx:hr>
     </gpxtpx:TrackPointExtension>
    </extensions>
   </trkpt>
   <trkpt lat="36.3981438" lon="30.5029738">
    <ele>-0.2</ele>
    <time>2026-09-22T11:34:16Z</time>
    <extensions>
     <gpxtpx:TrackPointExtension>
      <gpxtpx:atemp>30</gpxtpx:atemp>
      <gpxtpx:hr>104</gpxtpx:hr>
     </gpxtpx:TrackPointExtension>
    </extensions>
   </trkpt>
   <trkpt lat="36.3980429" lon="30.5030168">
    <ele>0.9</ele>
    <time>2026-09-22T11:34:22Z</time>
    <extensions>
     <gpxtpx:TrackPointExtension>
      <gpxtpx:atemp>30</gpxtpx:atemp>
      <gpxtpx:hr>104</gpxtpx:hr>
     </gpxtpx:TrackPointExtension>
    </extensions>
   </trkpt>
   <trkpt lat="36.3979935" lon="30.5030349">
    <ele>-0.6</ele>
    <time>2026-09-22T11:34:25Z</time>
    <extensions>
     <gpxtpx:TrackPointExtension>
      <gpxtpx:atemp>30</gpxtpx:atemp>
      <gpxtpx:hr>103</gpxtpx:hr>
     </gpxtpx:TrackPointExtension>
    </extensions>
   </trkpt>
   <trkpt lat="36.3979078" lon="30.5030735">
    <ele>-1.1</ele>
    <time>2026-09-22T11:34:30Z</time>
    <extensions>
     <gpxtpx:TrackPointExtension>
      <gpxtpx:atemp>30</gpxtpx:atemp>
      <gpxtpx:hr>103</gpxtpx:hr>
     </gpxtpx:TrackPointExtension>
    </extensions>
   </trkpt>
   <trkpt lat="36.3978568" lon="30.5030996">
    <ele>-0.0</ele>
    <time>2026-09-22T11:34:33Z</time>
    <extensions>
     <gpxtpx:TrackPointExtension>
      <gpxtpx:atemp>30</gpxtpx:atemp>
      <gpxtpx:hr>104</gpxtpx:hr>
     </gpxtpx:TrackPointExtension>
    </extensions>
   </trkpt>
   <trkpt lat="36.3977819" lon="30.5031324">
    <ele>-0.5</ele>
    <time>2026-09-22T11:34:37Z</time>
    <extensions>
     <gpxtpx:TrackPointExtension>
      <gpxtpx:atemp>30</gpxtpx:atemp>
      <gpxtpx:hr>104</gpxtpx:hr>
     </gpxtpx:TrackPointExtension>
    </extensions>
   </trkpt>
   <trkpt lat="36.3977123" lon="30.5031642">
    <ele>1.1</ele>
    <time>2026-09-22T11:34:41Z</time>
    <extensions>
     <gpxtpx:TrackPointExtension>
      <gpxtpx:atemp>30</gpxtpx:atemp>
      <gpxtpx:hr>104</gpxtpx:hr>
     </gpxtpx:TrackPointExtension>
    </extensions>
   </trkpt>
   <trkpt lat="36.3976212" lon="30.5032080">
    <ele>0.2</ele>
    <time>2026-09-22T11:34:46Z</time>
    <extensions>
     <gpxtpx:TrackPointExtension>
      <gpxtpx:atemp>30</gpxtpx:atemp>
      <gpxtpx:hr>106</gpxtpx:hr>
     </gpxtpx:TrackPointExtension>
    </extensions>
   </trkpt>
   <trkpt lat="36.3975506" lon="30.5032445">
    <ele>-0.2</ele>
    <time>2026-09-22T11:34:50Z</time>
    <extensions>
     <gpxtpx:TrackPointExtension>
      <gpxtpx:atemp>30</gpxtpx:atemp>
      <gpxtpx:hr>106</gpxtpx:hr>
     </gpxtpx:TrackPointExtension>
    </extensions>
   </trkpt>
   <trkpt lat="36.3974642" lon="30.5032820">
    <ele>-0.3</ele>
    <time>2026-09-22T11:34:55Z</time>
    <extensions>
     <gpxtpx:TrackPointExtension>
      <gpxtpx:atemp>30</gpxtpx:atemp>
      <gpxtpx:hr>104</gpxtpx:hr>
     </gpxtpx:TrackPointExtension>
    </extensions>
   </trkpt>
   <trkpt lat="36.3974037" lon="30.5033400">
    <ele>-0.0</ele>
    <time>2026-09-22T11:35:00Z</time>
    <extensions>
     <gpxtpx:TrackPointExtension>
      <gpxtpx:atemp>30</gpxtpx:atemp>
      <gpxtpx:hr>106</gpxtpx:hr>
     </gpxtpx:TrackPointExtension>
    </extensions>
   </trkpt>
   <trkpt lat="36.3973898" lon="30.5033878">
    <ele>0.8</ele>
    <time>2026-09-22T11:35:04Z</time>
    <extensions>
     <gpxtpx:TrackPointExtension>
      <gpxtpx:atemp>29</gpxtpx:atemp>
      <gpxtpx:hr>107</gpxtpx:hr>
     </gpxtpx:TrackPointExtension>
    </extensions>
   </trkpt>
   <trkpt lat="36.3973934" lon="30.5034318">
    <ele>0.1</ele>
    <time>2026-09-22T11:35:08Z</time>
    <extensions>
     <gpxtpx:TrackPointExtension>
      <gpxtpx:atemp>29</gpxtpx:atemp>
      <gpxtpx:hr>107</gpxtpx:hr>
     </gpxtpx:TrackPointExtension>
    </extensions>
   </trkpt>
   <trkpt lat="36.3974055" lon="30.5034707">
    <ele>0.1</ele>
    <time>2026-09-22T11:35:11Z</time>
    <extensions>
     <gpxtpx:TrackPointExtension>
      <gpxtpx:atemp>29</gpxtpx:atemp>
      <gpxtpx:hr>109</gpxtpx:hr>
     </gpxtpx:TrackPointExtension>
    </extensions>
   </trkpt>
   <trkpt lat="36.3974261" lon="30.5035537">
    <ele>-0.1</ele>
    <time>2026-09-22T11:35:16Z</time>
    <extensions>
     <gpxtpx:TrackPointExtension>
      <gpxtpx:atemp>29</gpxtpx:atemp>
      <gpxtpx:hr>112</gpxtpx:hr>
     </gpxtpx:TrackPointExtension>
    </extensions>
   </trkpt>
   <trkpt lat="36.3974581" lon="30.5036683">
    <ele>-1.4</ele>
    <time>2026-09-22T11:35:22Z</time>
    <extensions>
     <gpxtpx:TrackPointExtension>
      <gpxtpx:atemp>29</gpxtpx:atemp>
      <gpxtpx:hr>113</gpxtpx:hr>
     </gpxtpx:TrackPointExtension>
    </extensions>
   </trkpt>
   <trkpt lat="36.3974909" lon="30.5037936">
    <ele>-0.2</ele>
    <time>2026-09-22T11:35:28Z</time>
    <extensions>
     <gpxtpx:TrackPointExtension>
      <gpxtpx:atemp>29</gpxtpx:atemp>
      <gpxtpx:hr>113</gpxtpx:hr>
     </gpxtpx:TrackPointExtension>
    </extensions>
   </trkpt>
   <trkpt lat="36.3975289" lon="30.5039219">
    <ele>-0.3</ele>
    <time>2026-09-22T11:35:34Z</time>
    <extensions>
     <gpxtpx:TrackPointExtension>
      <gpxtpx:atemp>29</gpxtpx:atemp>
      <gpxtpx:hr>112</gpxtpx:hr>
     </gpxtpx:TrackPointExtension>
    </extensions>
   </trkpt>
   <trkpt lat="36.3975573" lon="30.5040096">
    <ele>0.2</ele>
    <time>2026-09-22T11:35:38Z</time>
    <extensions>
     <gpxtpx:TrackPointExtension>
      <gpxtpx:atemp>30</gpxtpx:atemp>
      <gpxtpx:hr>113</gpxtpx:hr>
     </gpxtpx:TrackPointExtension>
    </extensions>
   </trkpt>
   <trkpt lat="36.3975827" lon="30.5040970">
    <ele>-0.5</ele>
    <time>2026-09-22T11:35:42Z</time>
    <extensions>
     <gpxtpx:TrackPointExtension>
      <gpxtpx:atemp>29</gpxtpx:atemp>
      <gpxtpx:hr>115</gpxtpx:hr>
     </gpxtpx:TrackPointExtension>
    </extensions>
   </trkpt>
   <trkpt lat="36.3976044" lon="30.5041890">
    <ele>-0.4</ele>
    <time>2026-09-22T11:35:46Z</time>
    <extensions>
     <gpxtpx:TrackPointExtension>
      <gpxtpx:atemp>29</gpxtpx:atemp>
      <gpxtpx:hr>113</gpxtpx:hr>
     </gpxtpx:TrackPointExtension>
    </extensions>
   </trkpt>
   <trkpt lat="36.3976355" lon="30.5043282">
    <ele>-0.6</ele>
    <time>2026-09-22T11:35:52Z</time>
    <extensions>
     <gpxtpx:TrackPointExtension>
      <gpxtpx:atemp>30</gpxtpx:atemp>
      <gpxtpx:hr>112</gpxtpx:hr>
     </gpxtpx:TrackPointExtension>
    </extensions>
   </trkpt>
   <trkpt lat="36.3976551" lon="30.5043980">
    <ele>0.4</ele>
    <time>2026-09-22T11:35:55Z</time>
    <extensions>
     <gpxtpx:TrackPointExtension>
      <gpxtpx:atemp>30</gpxtpx:atemp>
      <gpxtpx:hr>109</gpxtpx:hr>
     </gpxtpx:TrackPointExtension>
    </extensions>
   </trkpt>
   <trkpt lat="36.3976815" lon="30.5045155">
    <ele>-0.5</ele>
    <time>2026-09-22T11:36:00Z</time>
    <extensions>
     <gpxtpx:TrackPointExtension>
      <gpxtpx:atemp>30</gpxtpx:atemp>
      <gpxtpx:hr>108</gpxtpx:hr>
     </gpxtpx:TrackPointExtension>
    </extensions>
   </trkpt>
   <trkpt lat="36.3977084" lon="30.5046363">
    <ele>0.3</ele>
    <time>2026-09-22T11:36:05Z</time>
    <extensions>
     <gpxtpx:TrackPointExtension>
      <gpxtpx:atemp>30</gpxtpx:atemp>
      <gpxtpx:hr>105</gpxtpx:hr>
     </gpxtpx:TrackPointExtension>
    </extensions>
   </trkpt>
   <trkpt lat="36.3977269" lon="30.5047304">
    <ele>0.6</ele>
    <time>2026-09-22T11:36:09Z</time>
    <extensions>
     <gpxtpx:TrackPointExtension>
      <gpxtpx:atemp>30</gpxtpx:atemp>
      <gpxtpx:hr>107</gpxtpx:hr>
     </gpxtpx:TrackPointExtension>
    </extensions>
   </trkpt>
   <trkpt lat="36.3977554" lon="30.5048506">
    <ele>0.2</ele>
    <time>2026-09-22T11:36:14Z</time>
    <extensions>
     <gpxtpx:TrackPointExtension>
      <gpxtpx:atemp>30</gpxtpx:atemp>
      <gpxtpx:hr>106</gpxtpx:hr>
     </gpxtpx:TrackPointExtension>
    </extensions>
   </trkpt>
   <trkpt lat="36.3977702" lon="30.5049448">
    <ele>0.1</ele>
    <time>2026-09-22T11:36:18Z</time>
    <extensions>
     <gpxtpx:TrackPointExtension>
      <gpxtpx:atemp>30</gpxtpx:atemp>
      <gpxtpx:hr>107</gpxtpx:hr>
     </gpxtpx:TrackPointExtension>
    </extensions>
   </trkpt>
   <trkpt lat="36.3977910" lon="30.5050383">
    <ele>0.8</ele>
    <time>2026-09-22T11:36:22Z</time>
    <extensions>
     <gpxtpx:TrackPointExtension>
      <gpxtpx:atemp>30</gpxtpx:atemp>
      <gpxtpx:hr>104</gpxtpx:hr>
     </gpxtpx:TrackPointExtension>
    </extensions>
   </trkpt>
   <trkpt lat="36.3978092" lon="30.5051300">
    <ele>0.3</ele>
    <time>2026-09-22T11:36:26Z</time>
    <extensions>
     <gpxtpx:TrackPointExtension>
      <gpxtpx:atemp>30</gpxtpx:atemp>
      <gpxtpx:hr>104</gpxtpx:hr>
     </gpxtpx:TrackPointExtension>
    </extensions>
   </trkpt>
   <trkpt lat="36.3978315" lon="30.5052445">
    <ele>-0.0</ele>
    <time>2026-09-22T11:36:31Z</time>
    <extensions>
     <gpxtpx:TrackPointExtension>
      <gpxtpx:atemp>30</gpxtpx:atemp>
      <gpxtpx:hr>105</gpxtpx:hr>
     </gpxtpx:TrackPointExtension>
    </extensions>
   </trkpt>
   <trkpt lat="36.3978518" lon="30.5053586">
    <ele>0.3</ele>
    <time>2026-09-22T11:36:36Z</time>
    <extensions>
     <gpxtpx:TrackPointExtension>
      <gpxtpx:atemp>30</gpxtpx:atemp>
      <gpxtpx:hr>103</gpxtpx:hr>
     </gpxtpx:TrackPointExtension>
    </extensions>
   </trkpt>
   <trkpt lat="36.3978695" lon="30.5054488">
    <ele>1.1</ele>
    <time>2026-09-22T11:36:40Z</time>
    <extensions>
     <gpxtpx:TrackPointExtension>
      <gpxtpx:atemp>30</gpxtpx:atemp>
      <gpxtpx:hr>105</gpxtpx:hr>
     </gpxtpx:TrackPointExtension>
    </extensions>
   </trkpt>
   <trkpt lat="36.3978797" lon="30.5055178">
    <ele>-0.1</ele>
    <time>2026-09-22T11:36:43Z</time>
    <extensions>
     <gpxtpx:TrackPointExtension>
      <gpxtpx:atemp>30</gpxtpx:atemp>
      <gpxtpx:hr>104</gpxtpx:hr>
     </gpxtpx:TrackPointExtension>
    </extensions>
   </trkpt>
   <trkpt lat="36.3978919" lon="30.5056073">
    <ele>0.6</ele>
    <time>2026-09-22T11:36:47Z</time>
    <extensions>
     <gpxtpx:TrackPointExtension>
      <gpxtpx:atemp>30</gpxtpx:atemp>
      <gpxtpx:hr>106</gpxtpx:hr>
     </gpxtpx:TrackPointExtension>
    </extensions>
   </trkpt>
   <trkpt lat="36.3979121" lon="30.5057191">
    <ele>0.5</ele>
    <time>2026-09-22T11:36:52Z</time>
    <extensions>
     <gpxtpx:TrackPointExtension>
      <gpxtpx:atemp>30</gpxtpx:atemp>
      <gpxtpx:hr>109</gpxtpx:hr>
     </gpxtpx:TrackPointExtension>
    </extensions>
   </trkpt>
   <trkpt lat="36.3979291" lon="30.5058352">
    <ele>0.1</ele>
    <time>2026-09-22T11:36:57Z</time>
    <extensions>
     <gpxtpx:TrackPointExtension>
      <gpxtpx:atemp>30</gpxtpx:atemp>
      <gpxtpx:hr>108</gpxtpx:hr>
     </gpxtpx:TrackPointExtension>
    </extensions>
   </trkpt>
   <trkpt lat="36.3979450" lon="30.5059269">
    <ele>0.2</ele>
    <time>2026-09-22T11:37:01Z</time>
    <extensions>
     <gpxtpx:TrackPointExtension>
      <gpxtpx:atemp>30</gpxtpx:atemp>
      <gpxtpx:hr>107</gpxtpx:hr>
     </gpxtpx:TrackPointExtension>
    </extensions>
   </trkpt>
   <trkpt lat="36.3979624" lon="30.5060212">
    <ele>-0.3</ele>
    <time>2026-09-22T11:37:05Z</time>
    <extensions>
     <gpxtpx:TrackPointExtension>
      <gpxtpx:atemp>30</gpxtpx:atemp>
      <gpxtpx:hr>108</gpxtpx:hr>
     </gpxtpx:TrackPointExtension>
    </extensions>
   </trkpt>
   <trkpt lat="36.3979775" lon="30.5061161">
    <ele>-1.6</ele>
    <time>2026-09-22T11:37:09Z</time>
    <extensions>
     <gpxtpx:TrackPointExtension>
      <gpxtpx:atemp>30</gpxtpx:atemp>
      <gpxtpx:hr>108</gpxtpx:hr>
     </gpxtpx:TrackPointExtension>
    </extensions>
   </trkpt>
   <trkpt lat="36.3979955" lon="30.5062351">
    <ele>-0.6</ele>
    <time>2026-09-22T11:37:14Z</time>
    <extensions>
     <gpxtpx:TrackPointExtension>
      <gpxtpx:atemp>30</gpxtpx:atemp>
      <gpxtpx:hr>108</gpxtpx:hr>
     </gpxtpx:TrackPointExtension>
    </extensions>
   </trkpt>
   <trkpt lat="36.3980009" lon="30.5063061">
    <ele>1.7</ele>
    <time>2026-09-22T11:37:17Z</time>
    <extensions>
     <gpxtpx:TrackPointExtension>
      <gpxtpx:atemp>30</gpxtpx:atemp>
      <gpxtpx:hr>108</gpxtpx:hr>
     </gpxtpx:TrackPointExtension>
    </extensions>
   </trkpt>
   <trkpt lat="36.3980141" lon="30.5063791">
    <ele>1.1</ele>
    <time>2026-09-22T11:37:20Z</time>
    <extensions>
     <gpxtpx:TrackPointExtension>
      <gpxtpx:atemp>30</gpxtpx:atemp>
      <gpxtpx:hr>107</gpxtpx:hr>
     </gpxtpx:TrackPointExtension>
    </extensions>
   </trkpt>
   <trkpt lat="36.3980253" lon="30.5064720">
    <ele>-1.7</ele>
    <time>2026-09-22T11:37:24Z</time>
    <extensions>
     <gpxtpx:TrackPointExtension>
      <gpxtpx:atemp>30</gpxtpx:atemp>
      <gpxtpx:hr>108</gpxtpx:hr>
     </gpxtpx:TrackPointExtension>
    </extensions>
   </trkpt>
   <trkpt lat="36.3980353" lon="30.5065437">
    <ele>-0.1</ele>
    <time>2026-09-22T11:37:27Z</time>
    <extensions>
     <gpxtpx:TrackPointExtension>
      <gpxtpx:atemp>30</gpxtpx:atemp>
      <gpxtpx:hr>109</gpxtpx:hr>
     </gpxtpx:TrackPointExtension>
    </extensions>
   </trkpt>
   <trkpt lat="36.3980576" lon="30.5066825">
    <ele>-0.1</ele>
    <time>2026-09-22T11:37:33Z</time>
    <extensions>
     <gpxtpx:TrackPointExtension>
      <gpxtpx:atemp>30</gpxtpx:atemp>
      <gpxtpx:hr>107</gpxtpx:hr>
     </gpxtpx:TrackPointExtension>
    </extensions>
   </trkpt>
   <trkpt lat="36.3980706" lon="30.5067750">
    <ele>1.2</ele>
    <time>2026-09-22T11:37:37Z</time>
    <extensions>
     <gpxtpx:TrackPointExtension>
      <gpxtpx:atemp>30</gpxtpx:atemp>
      <gpxtpx:hr>107</gpxtpx:hr>
     </gpxtpx:TrackPointExtension>
    </extensions>
   </trkpt>
   <trkpt lat="36.3980816" lon="30.5068717">
    <ele>-0.5</ele>
    <time>2026-09-22T11:37:41Z</time>
    <extensions>
     <gpxtpx:TrackPointExtension>
      <gpxtpx:atemp>30</gpxtpx:atemp>
      <gpxtpx:hr>105</gpxtpx:hr>
     </gpxtpx:TrackPointExtension>
    </extensions>
   </trkpt>
   <trkpt lat="36.3980943" lon="30.5069484">
    <ele>-0.2</ele>
    <time>2026-09-22T11:37:44Z</time>
    <extensions>
     <gpxtpx:TrackPointExtension>
      <gpxtpx:atemp>30</gpxtpx:atemp>
      <gpxtpx:hr>107</gpxtpx:hr>
     </gpxtpx:TrackPointExtension>
    </extensions>
   </trkpt>
   <trkpt lat="36.3981064" lon="30.5070456">
    <ele>0.4</ele>
    <time>2026-09-22T11:37:48Z</time>
    <extensions>
     <gpxtpx:TrackPointExtension>
      <gpxtpx:atemp>30</gpxtpx:atemp>
      <gpxtpx:hr>107</gpxtpx:hr>
     </gpxtpx:TrackPointExtension>
    </extensions>
   </trkpt>
   <trkpt lat="36.3981218" lon="30.5071200">
    <ele>-0.1</ele>
    <time>2026-09-22T11:37:51Z</time>
    <extensions>
     <gpxtpx:TrackPointExtension>
      <gpxtpx:atemp>30</gpxtpx:atemp>
      <gpxtpx:hr>109</gpxtpx:hr>
     </gpxtpx:TrackPointExtension>
    </extensions>
   </trkpt>
   <trkpt lat="36.3981437" lon="30.5072696">
    <ele>-0.5</ele>
    <time>2026-09-22T11:37:57Z</time>
    <extensions>
     <gpxtpx:TrackPointExtension>
      <gpxtpx:atemp>30</gpxtpx:atemp>
      <gpxtpx:hr>110</gpxtpx:hr>
     </gpxtpx:TrackPointExtension>
    </extensions>
   </trkpt>
   <trkpt lat="36.3981620" lon="30.5073859">
    <ele>0.3</ele>
    <time>2026-09-22T11:38:02Z</time>
    <extensions>
     <gpxtpx:TrackPointExtension>
      <gpxtpx:atemp>30</gpxtpx:atemp>
      <gpxtpx:hr>107</gpxtpx:hr>
     </gpxtpx:TrackPointExtension>
    </extensions>
   </trkpt>
   <trkpt lat="36.3981757" lon="30.5074571">
    <ele>0.6</ele>
    <time>2026-09-22T11:38:05Z</time>
    <extensions>
     <gpxtpx:TrackPointExtension>
      <gpxtpx:atemp>30</gpxtpx:atemp>
      <gpxtpx:hr>106</gpxtpx:hr>
     </gpxtpx:TrackPointExtension>
    </extensions>
   </trkpt>
   <trkpt lat="36.3981995" lon="30.5075529">
    <ele>0.7</ele>
    <time>2026-09-22T11:38:09Z</time>
    <extensions>
     <gpxtpx:TrackPointExtension>
      <gpxtpx:atemp>30</gpxtpx:atemp>
      <gpxtpx:hr>107</gpxtpx:hr>
     </gpxtpx:TrackPointExtension>
    </extensions>
   </trkpt>
   <trkpt lat="36.3982174" lon="30.5076490">
    <ele>-0.1</ele>
    <time>2026-09-22T11:38:13Z</time>
    <extensions>
     <gpxtpx:TrackPointExtension>
      <gpxtpx:atemp>30</gpxtpx:atemp>
      <gpxtpx:hr>104</gpxtpx:hr>
     </gpxtpx:TrackPointExtension>
    </extensions>
   </trkpt>
   <trkpt lat="36.3982456" lon="30.5077950">
    <ele>-0.4</ele>
    <time>2026-09-22T11:38:19Z</time>
    <extensions>
     <gpxtpx:TrackPointExtension>
      <gpxtpx:atemp>30</gpxtpx:atemp>
      <gpxtpx:hr>104</gpxtpx:hr>
     </gpxtpx:TrackPointExtension>
    </extensions>
   </trkpt>
   <trkpt lat="36.3982709" lon="30.5079170">
    <ele>-0.8</ele>
    <time>2026-09-22T11:38:24Z</time>
    <extensions>
     <gpxtpx:TrackPointExtension>
      <gpxtpx:atemp>30</gpxtpx:atemp>
      <gpxtpx:hr>103</gpxtpx:hr>
     </gpxtpx:TrackPointExtension>
    </extensions>
   </trkpt>
   <trkpt lat="36.3982972" lon="30.5080375">
    <ele>0.3</ele>
    <time>2026-09-22T11:38:29Z</time>
    <extensions>
     <gpxtpx:TrackPointExtension>
      <gpxtpx:atemp>30</gpxtpx:atemp>
      <gpxtpx:hr>104</gpxtpx:hr>
     </gpxtpx:TrackPointExtension>
    </extensions>
   </trkpt>
   <trkpt lat="36.3983129" lon="30.5081269">
    <ele>0.1</ele>
    <time>2026-09-22T11:38:33Z</time>
    <extensions>
     <gpxtpx:TrackPointExtension>
      <gpxtpx:atemp>30</gpxtpx:atemp>
      <gpxtpx:hr>103</gpxtpx:hr>
     </gpxtpx:TrackPointExtension>
    </extensions>
   </trkpt>
   <trkpt lat="36.3983320" lon="30.5082409">
    <ele>1.0</ele>
    <time>2026-09-22T11:38:38Z</time>
    <extensions>
     <gpxtpx:TrackPointExtension>
      <gpxtpx:atemp>30</gpxtpx:atemp>
      <gpxtpx:hr>103</gpxtpx:hr>
     </gpxtpx:TrackPointExtension>
    </extensions>
   </trkpt>
   <trkpt lat="36.3983497" lon="30.5083309">
    <ele>-0.2</ele>
    <time>2026-09-22T11:38:42Z</time>
    <extensions>
     <gpxtpx:TrackPointExtension>
      <gpxtpx:atemp>30</gpxtpx:atemp>
      <gpxtpx:hr>103</gpxtpx:hr>
     </gpxtpx:TrackPointExtension>
    </extensions>
   </trkpt>
   <trkpt lat="36.3983695" lon="30.5084475">
    <ele>0.9</ele>
    <time>2026-09-22T11:38:47Z</time>
    <extensions>
     <gpxtpx:TrackPointExtension>
      <gpxtpx:atemp>30</gpxtpx:atemp>
      <gpxtpx:hr>103</gpxtpx:hr>
     </gpxtpx:TrackPointExtension>
    </extensions>
   </trkpt>
   <trkpt lat="36.3983868" lon="30.5085454">
    <ele>0.1</ele>
    <time>2026-09-22T11:38:51Z</time>
    <extensions>
     <gpxtpx:TrackPointExtension>
      <gpxtpx:atemp>30</gpxtpx:atemp>
      <gpxtpx:hr>102</gpxtpx:hr>
     </gpxtpx:TrackPointExtension>
    </extensions>
   </trkpt>
   <trkpt lat="36.3984130" lon="30.5086857">
    <ele>-0.1</ele>
    <time>2026-09-22T11:38:57Z</time>
    <extensions>
     <gpxtpx:TrackPointExtension>
      <gpxtpx:atemp>30</gpxtpx:atemp>
      <gpxtpx:hr>103</gpxtpx:hr>
     </gpxtpx:TrackPointExtension>
    </extensions>
   </trkpt>
   <trkpt lat="36.3984149" lon="30.5087883">
    <ele>-0.4</ele>
    <time>2026-09-22T11:39:02Z</time>
    <extensions>
     <gpxtpx:TrackPointExtension>
      <gpxtpx:atemp>30</gpxtpx:atemp>
      <gpxtpx:hr>104</gpxtpx:hr>
     </gpxtpx:TrackPointExtension>
    </extensions>
   </trkpt>
   <trkpt lat="36.3983738" lon="30.5088405">
    <ele>0.3</ele>
    <time>2026-09-22T11:39:08Z</time>
    <extensions>
     <gpxtpx:TrackPointExtension>
      <gpxtpx:atemp>30</gpxtpx:atemp>
      <gpxtpx:hr>104</gpxtpx:hr>
     </gpxtpx:TrackPointExtension>
    </extensions>
   </trkpt>
   <trkpt lat="36.3983253" lon="30.5088584">
    <ele>0.1</ele>
    <time>2026-09-22T11:39:13Z</time>
    <extensions>
     <gpxtpx:TrackPointExtension>
      <gpxtpx:atemp>30</gpxtpx:atemp>
      <gpxtpx:hr>108</gpxtpx:hr>
     </gpxtpx:TrackPointExtension>
    </extensions>
   </trkpt>
   <trkpt lat="36.3982541" lon="30.5088763">
    <ele>0.6</ele>
    <time>2026-09-22T11:39:18Z</time>
    <extensions>
     <gpxtpx:TrackPointExtension>
      <gpxtpx:atemp>30</gpxtpx:atemp>
      <gpxtpx:hr>108</gpxtpx:hr>
     </gpxtpx:TrackPointExtension>
    </extensions>
   </trkpt>
   <trkpt lat="36.3981714" lon="30.5089019">
    <ele>1.1</ele>
    <time>2026-09-22T11:39:23Z</time>
    <extensions>
     <gpxtpx:TrackPointExtension>
      <gpxtpx:atemp>30</gpxtpx:atemp>
      <gpxtpx:hr>109</gpxtpx:hr>
     </gpxtpx:TrackPointExtension>
    </extensions>
   </trkpt>
   <trkpt lat="36.3980884" lon="30.5089241">
    <ele>0.8</ele>
    <time>2026-09-22T11:39:28Z</time>
    <extensions>
     <gpxtpx:TrackPointExtension>
      <gpxtpx:atemp>30</gpxtpx:atemp>
      <gpxtpx:hr>110</gpxtpx:hr>
     </gpxtpx:TrackPointExtension>
    </extensions>
   </trkpt>
   <trkpt lat="36.3979781" lon="30.5089557">
    <ele>1.0</ele>
    <time>2026-09-22T11:39:34Z</time>
    <extensions>
     <gpxtpx:TrackPointExtension>
      <gpxtpx:atemp>30</gpxtpx:atemp>
      <gpxtpx:hr>113</gpxtpx:hr>
     </gpxtpx:TrackPointExtension>
    </extensions>
   </trkpt>
   <trkpt lat="36.3978841" lon="30.5089867">
    <ele>1.5</ele>
    <time>2026-09-22T11:39:39Z</time>
    <extensions>
     <gpxtpx:TrackPointExtension>
      <gpxtpx:atemp>30</gpxtpx:atemp>
      <gpxtpx:hr>113</gpxtpx:hr>
     </gpxtpx:TrackPointExtension>
    </extensions>
   </trkpt>
   <trkpt lat="36.3978047" lon="30.5090098">
    <ele>0.7</ele>
    <time>2026-09-22T11:39:43Z</time>
    <extensions>
     <gpxtpx:TrackPointExtension>
      <gpxtpx:atemp>30</gpxtpx:atemp>
      <gpxtpx:hr>112</gpxtpx:hr>
     </gpxtpx:TrackPointExtension>
    </extensions>
   </trkpt>
   <trkpt lat="36.3977477" lon="30.5090293">
    <ele>0.1</ele>
    <time>2026-09-22T11:39:46Z</time>
    <extensions>
     <gpxtpx:TrackPointExtension>
      <gpxtpx:atemp>30</gpxtpx:atemp>
      <gpxtpx:hr>114</gpxtpx:hr>
     </gpxtpx:TrackPointExtension>
    </extensions>
   </trkpt>
   <trkpt lat="36.3976448" lon="30.5090590">
    <ele>-1.4</ele>
    <time>2026-09-22T11:39:51Z</time>
    <extensions>
     <gpxtpx:TrackPointExtension>
      <gpxtpx:atemp>30</gpxtpx:atemp>
      <gpxtpx:hr>111</gpxtpx:hr>
     </gpxtpx:TrackPointExtension>
    </extensions>
   </trkpt>
   <trkpt lat="36.3975400" lon="30.5090887">
    <ele>-0.7</ele>
    <time>2026-09-22T11:39:56Z</time>
    <extensions>
     <gpxtpx:TrackPointExtension>
      <gpxtpx:atemp>30</gpxtpx:atemp>
      <gpxtpx:hr>110</gpxtpx:hr>
     </gpxtpx:TrackPointExtension>
    </extensions>
   </trkpt>
   <trkpt lat="36.3974809" lon="30.5091075">
    <ele>0.4</ele>
    <time>2026-09-22T11:39:59Z</time>
    <extensions>
     <gpxtpx:TrackPointExtension>
      <gpxtpx:atemp>30</gpxtpx:atemp>
      <gpxtpx:hr>109</gpxtpx:hr>
     </gpxtpx:TrackPointExtension>
    </extensions>
   </trkpt>
   <trkpt lat="36.3973814" lon="30.5091378">
    <ele>-0.5</ele>
    <time>2026-09-22T11:40:04Z</time>
    <extensions>
     <gpxtpx:TrackPointExtension>
      <gpxtpx:atemp>30</gpxtpx:atemp>
      <gpxtpx:hr>109</gpxtpx:hr>
     </gpxtpx:TrackPointExtension>
    </extensions>
   </trkpt>
   <trkpt lat="36.3972791" lon="30.5091681">
    <ele>0.4</ele>
    <time>2026-09-22T11:40:09Z</time>
    <extensions>
     <gpxtpx:TrackPointExtension>
      <gpxtpx:atemp>30</gpxtpx:atemp>
      <gpxtpx:hr>106</gpxtpx:hr>
     </gpxtpx:TrackPointExtension>
    </extensions>
   </trkpt>
   <trkpt lat="36.3972224" lon="30.5091870">
    <ele>0.1</ele>
    <time>2026-09-22T11:40:12Z</time>
    <extensions>
     <gpxtpx:TrackPointExtension>
      <gpxtpx:atemp>30</gpxtpx:atemp>
      <gpxtpx:hr>107</gpxtpx:hr>
     </gpxtpx:TrackPointExtension>
    </extensions>
   </trkpt>
   <trkpt lat="36.3971193" lon="30.5092231">
    <ele>-0.2</ele>
    <time>2026-09-22T11:40:17Z</time>
    <extensions>
     <gpxtpx:TrackPointExtension>
      <gpxtpx:atemp>30</gpxtpx:atemp>
      <gpxtpx:hr>106</gpxtpx:hr>
     </gpxtpx:TrackPointExtension>
    </extensions>
   </trkpt>
   <trkpt lat="36.3970016" lon="30.5092606">
    <ele>-0.0</ele>
    <time>2026-09-22T11:40:23Z</time>
    <extensions>
     <gpxtpx:TrackPointExtension>
      <gpxtpx:atemp>29</gpxtpx:atemp>
      <gpxtpx:hr>107</gpxtpx:hr>
     </gpxtpx:TrackPointExtension>
    </extensions>
   </trkpt>
   <trkpt lat="36.3969024" lon="30.5092922">
    <ele>-0.6</ele>
    <time>2026-09-22T11:40:28Z</time>
    <extensions>
     <gpxtpx:TrackPointExtension>
      <gpxtpx:atemp>29</gpxtpx:atemp>
      <gpxtpx:hr>107</gpxtpx:hr>
     </gpxtpx:TrackPointExtension>
    </extensions>
   </trkpt>
   <trkpt lat="36.3968011" lon="30.5093212">
    <ele>-0.4</ele>
    <time>2026-09-22T11:40:33Z</time>
    <extensions>
     <gpxtpx:TrackPointExtension>
      <gpxtpx:atemp>29</gpxtpx:atemp>
      <gpxtpx:hr>107</gpxtpx:hr>
     </gpxtpx:TrackPointExtension>
    </extensions>
   </trkpt>
   <trkpt lat="36.3967388" lon="30.5093392">
    <ele>-0.2</ele>
    <time>2026-09-22T11:40:36Z</time>
    <extensions>
     <gpxtpx:TrackPointExtension>
      <gpxtpx:atemp>29</gpxtpx:atemp>
      <gpxtpx:hr>108</gpxtpx:hr>
     </gpxtpx:TrackPointExtension>
    </extensions>
   </trkpt>
   <trkpt lat="36.3966784" lon="30.5093584">
    <ele>-0.2</ele>
    <time>2026-09-22T11:40:39Z</time>
    <extensions>
     <gpxtpx:TrackPointExtension>
      <gpxtpx:atemp>30</gpxtpx:atemp>
      <gpxtpx:hr>109</gpxtpx:hr>
     </gpxtpx:TrackPointExtension>
    </extensions>
   </trkpt>
   <trkpt lat="36.3966005" lon="30.5093798">
    <ele>-0.5</ele>
    <time>2026-09-22T11:40:43Z</time>
    <extensions>
     <gpxtpx:TrackPointExtension>
      <gpxtpx:atemp>30</gpxtpx:atemp>
      <gpxtpx:hr>108</gpxtpx:hr>
     </gpxtpx:TrackPointExtension>
    </extensions>
   </trkpt>
   <trkpt lat="36.3964986" lon="30.5094110">
    <ele>0.4</ele>
    <time>2026-09-22T11:40:48Z</time>
    <extensions>
     <gpxtpx:TrackPointExtension>
      <gpxtpx:atemp>30</gpxtpx:atemp>
      <gpxtpx:hr>108</gpxtpx:hr>
     </gpxtpx:TrackPointExtension>
    </extensions>
   </trkpt>
   <trkpt lat="36.3962662" lon="30.5094905">
    <ele>-0.8</ele>
    <time>2026-09-22T11:41:00Z</time>
    <extensions>
     <gpxtpx:TrackPointExtension>
      <gpxtpx:atemp>30</gpxtpx:atemp>
      <gpxtpx:hr>110</gpxtpx:hr>
     </gpxtpx:TrackPointExtension>
    </extensions>
   </trkpt>
   <trkpt lat="36.3962196" lon="30.5095607">
    <ele>-0.5</ele>
    <time>2026-09-22T11:41:06Z</time>
    <extensions>
     <gpxtpx:TrackPointExtension>
      <gpxtpx:atemp>30</gpxtpx:atemp>
      <gpxtpx:hr>111</gpxtpx:hr>
     </gpxtpx:TrackPointExtension>
    </extensions>
   </trkpt>
   <trkpt lat="36.3962234" lon="30.5096163">
    <ele>-0.1</ele>
    <time>2026-09-22T11:41:11Z</time>
    <extensions>
     <gpxtpx:TrackPointExtension>
      <gpxtpx:atemp>30</gpxtpx:atemp>
      <gpxtpx:hr>111</gpxtpx:hr>
     </gpxtpx:TrackPointExtension>
    </extensions>
   </trkpt>
   <trkpt lat="36.3962647" lon="30.5096820">
    <ele>0.5</ele>
    <time>2026-09-22T11:41:16Z</time>
    <extensions>
     <gpxtpx:TrackPointExtension>
      <gpxtpx:atemp>30</gpxtpx:atemp>
      <gpxtpx:hr>113</gpxtpx:hr>
     </gpxtpx:TrackPointExtension>
    </extensions>
   </trkpt>
   <trkpt lat="36.3963527" lon="30.5097156">
    <ele>0.0</ele>
    <time>2026-09-22T11:41:21Z</time>
    <extensions>
     <gpxtpx:TrackPointExtension>
      <gpxtpx:atemp>30</gpxtpx:atemp>
      <gpxtpx:hr>116</gpxtpx:hr>
     </gpxtpx:TrackPointExtension>
    </extensions>
   </trkpt>
   <trkpt lat="36.3964400" lon="30.5097246">
    <ele>0.9</ele>
    <time>2026-09-22T11:41:25Z</time>
    <extensions>
     <gpxtpx:TrackPointExtension>
      <gpxtpx:atemp>30</gpxtpx:atemp>
      <gpxtpx:hr>116</gpxtpx:hr>
     </gpxtpx:TrackPointExtension>
    </extensions>
   </trkpt>
   <trkpt lat="36.3965036" lon="30.5097300">
    <ele>-0.9</ele>
    <time>2026-09-22T11:41:28Z</time>
    <extensions>
     <gpxtpx:TrackPointExtension>
      <gpxtpx:atemp>30</gpxtpx:atemp>
      <gpxtpx:hr>117</gpxtpx:hr>
     </gpxtpx:TrackPointExtension>
    </extensions>
   </trkpt>
   <trkpt lat="36.3965745" lon="30.5097288">
    <ele>-0.5</ele>
    <time>2026-09-22T11:41:31Z</time>
    <extensions>
     <gpxtpx:TrackPointExtension>
      <gpxtpx:atemp>30</gpxtpx:atemp>
      <gpxtpx:hr>118</gpxtpx:hr>
     </gpxtpx:TrackPointExtension>
    </extensions>
   </trkpt>
   <trkpt lat="36.3966446" lon="30.5097371">
    <ele>-0.5</ele>
    <time>2026-09-22T11:41:34Z</time>
    <extensions>
     <gpxtpx:TrackPointExtension>
      <gpxtpx:atemp>30</gpxtpx:atemp>
      <gpxtpx:hr>118</gpxtpx:hr>
     </gpxtpx:TrackPointExtension>
    </extensions>
   </trkpt>
   <trkpt lat="36.3967630" lon="30.5097432">
    <ele>0.6</ele>
    <time>2026-09-22T11:41:39Z</time>
    <extensions>
     <gpxtpx:TrackPointExtension>
      <gpxtpx:atemp>30</gpxtpx:atemp>
      <gpxtpx:hr>120</gpxtpx:hr>
     </gpxtpx:TrackPointExtension>
    </extensions>
   </trkpt>
   <trkpt lat="36.3968364" lon="30.5097498">
    <ele>-0.5</ele>
    <time>2026-09-22T11:41:42Z</time>
    <extensions>
     <gpxtpx:TrackPointExtension>
      <gpxtpx:atemp>30</gpxtpx:atemp>
      <gpxtpx:hr>121</gpxtpx:hr>
     </gpxtpx:TrackPointExtension>
    </extensions>
   </trkpt>
   <trkpt lat="36.3969592" lon="30.5097596">
    <ele>0.3</ele>
    <time>2026-09-22T11:41:47Z</time>
    <extensions>
     <gpxtpx:TrackPointExtension>
      <gpxtpx:atemp>30</gpxtpx:atemp>
      <gpxtpx:hr>121</gpxtpx:hr>
     </gpxtpx:TrackPointExtension>
    </extensions>
   </trkpt>
   <trkpt lat="36.3970554" lon="30.5097670">
    <ele>-0.5</ele>
    <time>2026-09-22T11:41:51Z</time>
    <extensions>
     <gpxtpx:TrackPointExtension>
      <gpxtpx:atemp>30</gpxtpx:atemp>
      <gpxtpx:hr>120</gpxtpx:hr>
     </gpxtpx:TrackPointExtension>
    </extensions>
   </trkpt>
   <trkpt lat="36.3971778" lon="30.5097731">
    <ele>-1.3</ele>
    <time>2026-09-22T11:41:56Z</time>
    <extensions>
     <gpxtpx:TrackPointExtension>
      <gpxtpx:atemp>30</gpxtpx:atemp>
      <gpxtpx:hr>120</gpxtpx:hr>
     </gpxtpx:TrackPointExtension>
    </extensions>
   </trkpt>
   <trkpt lat="36.3972508" lon="30.5097749">
    <ele>-0.0</ele>
    <time>2026-09-22T11:41:59Z</time>
    <extensions>
     <gpxtpx:TrackPointExtension>
      <gpxtpx:atemp>30</gpxtpx:atemp>
      <gpxtpx:hr>118</gpxtpx:hr>
     </gpxtpx:TrackPointExtension>
    </extensions>
   </trkpt>
   <trkpt lat="36.3973724" lon="30.5097809">
    <ele>-0.8</ele>
    <time>2026-09-22T11:42:04Z</time>
    <extensions>
     <gpxtpx:TrackPointExtension>
      <gpxtpx:atemp>30</gpxtpx:atemp>
      <gpxtpx:hr>115</gpxtpx:hr>
     </gpxtpx:TrackPointExtension>
    </extensions>
   </trkpt>
   <trkpt lat="36.3974701" lon="30.5097870">
    <ele>0.7</ele>
    <time>2026-09-22T11:42:08Z</time>
    <extensions>
     <gpxtpx:TrackPointExtension>
      <gpxtpx:atemp>30</gpxtpx:atemp>
      <gpxtpx:hr>113</gpxtpx:hr>
     </gpxtpx:TrackPointExtension>
    </extensions>
   </trkpt>
   <trkpt lat="36.3975904" lon="30.5097926">
    <ele>0.7</ele>
    <time>2026-09-22T11:42:13Z</time>
    <extensions>
     <gpxtpx:TrackPointExtension>
      <gpxtpx:atemp>30</gpxtpx:atemp>
      <gpxtpx:hr>114</gpxtpx:hr>
     </gpxtpx:TrackPointExtension>
    </extensions>
   </trkpt>
   <trkpt lat="36.3977354" lon="30.5098049">
    <ele>-0.6</ele>
    <time>2026-09-22T11:42:19Z</time>
    <extensions>
     <gpxtpx:TrackPointExtension>
      <gpxtpx:atemp>30</gpxtpx:atemp>
      <gpxtpx:hr>114</gpxtpx:hr>
     </gpxtpx:TrackPointExtension>
    </extensions>
   </trkpt>
   <trkpt lat="36.3978280" lon="30.5098104">
    <ele>-0.2</ele>
    <time>2026-09-22T11:42:23Z</time>
    <extensions>
     <gpxtpx:TrackPointExtension>
      <gpxtpx:atemp>30</gpxtpx:atemp>
      <gpxtpx:hr>111</gpxtpx:hr>
     </gpxtpx:TrackPointExtension>
    </extensions>
   </trkpt>
   <trkpt lat="36.3979652" lon="30.5098143">
    <ele>-0.1</ele>
    <time>2026-09-22T11:42:29Z</time>
    <extensions>
     <gpxtpx:TrackPointExtension>
      <gpxtpx:atemp>30</gpxtpx:atemp>
      <gpxtpx:hr>112</gpxtpx:hr>
     </gpxtpx:TrackPointExtension>
    </extensions>
   </trkpt>
   <trkpt lat="36.3981047" lon="30.5098236">
    <ele>0.7</ele>
    <time>2026-09-22T11:42:35Z</time>
    <extensions>
     <gpxtpx:TrackPointExtension>
      <gpxtpx:atemp>29</gpxtpx:atemp>
      <gpxtpx:hr>113</gpxtpx:hr>
     </gpxtpx:TrackPointExtension>
    </extensions>
   </trkpt>
   <trkpt lat="36.3982187" lon="30.5098256">
    <ele>0.4</ele>
    <time>2026-09-22T11:42:40Z</time>
    <extensions>
     <gpxtpx:TrackPointExtension>
      <gpxtpx:atemp>29</gpxtpx:atemp>
      <gpxtpx:hr>113</gpxtpx:hr>
     </gpxtpx:TrackPointExtension>
    </extensions>
   </trkpt>
   <trkpt lat="36.3983353" lon="30.5098326">
    <ele>0.7</ele>
    <time>2026-09-22T11:42:45Z</time>
    <extensions>
     <gpxtpx:TrackPointExtension>
      <gpxtpx:atemp>29</gpxtpx:atemp>
      <gpxtpx:hr>113</gpxtpx:hr>
     </gpxtpx:TrackPointExtension>
    </extensions>
   </trkpt>
   <trkpt lat="36.3984254" lon="30.5098412">
    <ele>0.8</ele>
    <time>2026-09-22T11:42:49Z</time>
    <extensions>
     <gpxtpx:TrackPointExtension>
      <gpxtpx:atemp>29</gpxtpx:atemp>
      <gpxtpx:hr>112</gpxtpx:hr>
     </gpxtpx:TrackPointExtension>
    </extensions>
   </trkpt>
   <trkpt lat="36.3985651" lon="30.5098482">
    <ele>-0.1</ele>
    <time>2026-09-22T11:42:55Z</time>
    <extensions>
     <gpxtpx:TrackPointExtension>
      <gpxtpx:atemp>29</gpxtpx:atemp>
      <gpxtpx:hr>112</gpxtpx:hr>
     </gpxtpx:TrackPointExtension>
    </extensions>
   </trkpt>
   <trkpt lat="36.3986604" lon="30.5098541">
    <ele>0.3</ele>
    <time>2026-09-22T11:42:59Z</time>
    <extensions>
     <gpxtpx:TrackPointExtension>
      <gpxtpx:atemp>29</gpxtpx:atemp>
      <gpxtpx:hr>109</gpxtpx:hr>
     </gpxtpx:TrackPointExtension>
    </extensions>
   </trkpt>
   <trkpt lat="36.3988037" lon="30.5098647">
    <ele>0.2</ele>
    <time>2026-09-22T11:43:05Z</time>
    <extensions>
     <gpxtpx:TrackPointExtension>
      <gpxtpx:atemp>29</gpxtpx:atemp>
      <gpxtpx:hr>108</gpxtpx:hr>
     </gpxtpx:TrackPointExtension>
    </extensions>
   </trkpt>
   <trkpt lat="36.3989273" lon="30.5098756">
    <ele>0.1</ele>
    <time>2026-09-22T11:43:10Z</time>
    <extensions>
     <gpxtpx:TrackPointExtension>
      <gpxtpx:atemp>29</gpxtpx:atemp>
      <gpxtpx:hr>108</gpxtpx:hr>
     </gpxtpx:TrackPointExtension>
    </extensions>
   </trkpt>
   <trkpt lat="36.3990287" lon="30.5098833">
    <ele>0.7</ele>
    <time>2026-09-22T11:43:14Z</time>
    <extensions>
     <gpxtpx:TrackPointExtension>
      <gpxtpx:atemp>29</gpxtpx:atemp>
      <gpxtpx:hr>107</gpxtpx:hr>
     </gpxtpx:TrackPointExtension>
    </extensions>
   </trkpt>
   <trkpt lat="36.3991291" lon="30.5098941">
    <ele>0.3</ele>
    <time>2026-09-22T11:43:18Z</time>
    <extensions>
     <gpxtpx:TrackPointExtension>
      <gpxtpx:atemp>29</gpxtpx:atemp>
      <gpxtpx:hr>108</gpxtpx:hr>
     </gpxtpx:TrackPointExtension>
    </extensions>
   </trkpt>
   <trkpt lat="36.3992508" lon="30.5099040">
    <ele>0.6</ele>
    <time>2026-09-22T11:43:23Z</time>
    <extensions>
     <gpxtpx:TrackPointExtension>
      <gpxtpx:atemp>30</gpxtpx:atemp>
      <gpxtpx:hr>106</gpxtpx:hr>
     </gpxtpx:TrackPointExtension>
    </extensions>
   </trkpt>
   <trkpt lat="36.3993495" lon="30.5099106">
    <ele>-1.9</ele>
    <time>2026-09-22T11:43:27Z</time>
    <extensions>
     <gpxtpx:TrackPointExtension>
      <gpxtpx:atemp>30</gpxtpx:atemp>
      <gpxtpx:hr>107</gpxtpx:hr>
     </gpxtpx:TrackPointExtension>
    </extensions>
   </trkpt>
   <trkpt lat="36.3994258" lon="30.5099127">
    <ele>-1.0</ele>
    <time>2026-09-22T11:43:30Z</time>
    <extensions>
     <gpxtpx:TrackPointExtension>
      <gpxtpx:atemp>30</gpxtpx:atemp>
      <gpxtpx:hr>107</gpxtpx:hr>
     </gpxtpx:TrackPointExtension>
    </extensions>
   </trkpt>
   <trkpt lat="36.3995480" lon="30.5099192">
    <ele>1.0</ele>
    <time>2026-09-22T11:43:35Z</time>
    <extensions>
     <gpxtpx:TrackPointExtension>
      <gpxtpx:atemp>29</gpxtpx:atemp>
      <gpxtpx:hr>106</gpxtpx:hr>
     </gpxtpx:TrackPointExtension>
    </extensions>
   </trkpt>
   <trkpt lat="36.3996738" lon="30.5099345">
    <ele>-0.2</ele>
    <time>2026-09-22T11:43:40Z</time>
    <extensions>
     <gpxtpx:TrackPointExtension>
      <gpxtpx:atemp>29</gpxtpx:atemp>
      <gpxtpx:hr>106</gpxtpx:hr>
     </gpxtpx:TrackPointExtension>
    </extensions>
   </trkpt>
   <trkpt lat="36.3997985" lon="30.5099390">
    <ele>0.7</ele>
    <time>2026-09-22T11:43:45Z</time>
    <extensions>
     <gpxtpx:TrackPointExtension>
      <gpxtpx:atemp>29</gpxtpx:atemp>
      <gpxtpx:hr>107</gpxtpx:hr>
     </gpxtpx:TrackPointExtension>
    </extensions>
   </trkpt>
   <trkpt lat="36.3999187" lon="30.5099516">
    <ele>-0.3</ele>
    <time>2026-09-22T11:43:50Z</time>
    <extensions>
     <gpxtpx:TrackPointExtension>
      <gpxtpx:atemp>30</gpxtpx:atemp>
      <gpxtpx:hr>108</gpxtpx:hr>
     </gpxtpx:TrackPointExtension>
    </extensions>
   </trkpt>
   <trkpt lat="36.3999892" lon="30.5099602">
    <ele>0.5</ele>
    <time>2026-09-22T11:43:53Z</time>
    <extensions>
     <gpxtpx:TrackPointExtension>
      <gpxtpx:atemp>30</gpxtpx:atemp>
      <gpxtpx:hr>107</gpxtpx:hr>
     </gpxtpx:TrackPointExtension>
    </extensions>
   </trkpt>
   <trkpt lat="36.4000851" lon="30.5099635">
    <ele>-0.9</ele>
    <time>2026-09-22T11:43:57Z</time>
    <extensions>
     <gpxtpx:TrackPointExtension>
      <gpxtpx:atemp>30</gpxtpx:atemp>
      <gpxtpx:hr>106</gpxtpx:hr>
     </gpxtpx:TrackPointExtension>
    </extensions>
   </trkpt>
   <trkpt lat="36.4001835" lon="30.5099712">
    <ele>-0.5</ele>
    <time>2026-09-22T11:44:01Z</time>
    <extensions>
     <gpxtpx:TrackPointExtension>
      <gpxtpx:atemp>30</gpxtpx:atemp>
      <gpxtpx:hr>104</gpxtpx:hr>
     </gpxtpx:TrackPointExtension>
    </extensions>
   </trkpt>
   <trkpt lat="36.4003054" lon="30.5099779">
    <ele>0.1</ele>
    <time>2026-09-22T11:44:06Z</time>
    <extensions>
     <gpxtpx:TrackPointExtension>
      <gpxtpx:atemp>30</gpxtpx:atemp>
      <gpxtpx:hr>104</gpxtpx:hr>
     </gpxtpx:TrackPointExtension>
    </extensions>
   </trkpt>
   <trkpt lat="36.4003813" lon="30.5099806">
    <ele>-0.1</ele>
    <time>2026-09-22T11:44:09Z</time>
    <extensions>
     <gpxtpx:TrackPointExtension>
      <gpxtpx:atemp>30</gpxtpx:atemp>
      <gpxtpx:hr>104</gpxtpx:hr>
     </gpxtpx:TrackPointExtension>
    </extensions>
   </trkpt>
   <trkpt lat="36.4004804" lon="30.5099882">
    <ele>0.5</ele>
    <time>2026-09-22T11:44:13Z</time>
    <extensions>
     <gpxtpx:TrackPointExtension>
      <gpxtpx:atemp>30</gpxtpx:atemp>
      <gpxtpx:hr>104</gpxtpx:hr>
     </gpxtpx:TrackPointExtension>
    </extensions>
   </trkpt>
   <trkpt lat="36.4005591" lon="30.5099913">
    <ele>-0.1</ele>
    <time>2026-09-22T11:44:16Z</time>
    <extensions>
     <gpxtpx:TrackPointExtension>
      <gpxtpx:atemp>30</gpxtpx:atemp>
      <gpxtpx:hr>102</gpxtpx:hr>
     </gpxtpx:TrackPointExtension>
    </extensions>
   </trkpt>
   <trkpt lat="36.4006561" lon="30.5100024">
    <ele>0.3</ele>
    <time>2026-09-22T11:44:20Z</time>
    <extensions>
     <gpxtpx:TrackPointExtension>
      <gpxtpx:atemp>30</gpxtpx:atemp>
      <gpxtpx:hr>105</gpxtpx:hr>
     </gpxtpx:TrackPointExtension>
    </extensions>
   </trkpt>
   <trkpt lat="36.4007791" lon="30.5100088">
    <ele>0.4</ele>
    <time>2026-09-22T11:44:25Z</time>
    <extensions>
     <gpxtpx:TrackPointExtension>
      <gpxtpx:atemp>30</gpxtpx:atemp>
      <gpxtpx:hr>104</gpxtpx:hr>
     </gpxtpx:TrackPointExtension>
    </extensions>
   </trkpt>
   <trkpt lat="36.4009018" lon="30.5100166">
    <ele>0.0</ele>
    <time>2026-09-22T11:44:30Z</time>
    <extensions>
     <gpxtpx:TrackPointExtension>
      <gpxtpx:atemp>30</gpxtpx:atemp>
      <gpxtpx:hr>107</gpxtpx:hr>
     </gpxtpx:TrackPointExtension>
    </extensions>
   </trkpt>
   <trkpt lat="36.4009997" lon="30.5100214">
    <ele>-0.5</ele>
    <time>2026-09-22T11:44:34Z</time>
    <extensions>
     <gpxtpx:TrackPointExtension>
      <gpxtpx:atemp>30</gpxtpx:atemp>
      <gpxtpx:hr>105</gpxtpx:hr>
     </gpxtpx:TrackPointExtension>
    </extensions>
   </trkpt>
   <trkpt lat="36.4011226" lon="30.5100293">
    <ele>-1.1</ele>
    <time>2026-09-22T11:44:39Z</time>
    <extensions>
     <gpxtpx:TrackPointExtension>
      <gpxtpx:atemp>30</gpxtpx:atemp>
      <gpxtpx:hr>104</gpxtpx:hr>
     </gpxtpx:TrackPointExtension>
    </extensions>
   </trkpt>
   <trkpt lat="36.4012441" lon="30.5100363">
    <ele>-0.1</ele>
    <time>2026-09-22T11:44:44Z</time>
    <extensions>
     <gpxtpx:TrackPointExtension>
      <gpxtpx:atemp>30</gpxtpx:atemp>
      <gpxtpx:hr>104</gpxtpx:hr>
     </gpxtpx:TrackPointExtension>
    </extensions>
   </trkpt>
   <trkpt lat="36.4013194" lon="30.5100410">
    <ele>0.1</ele>
    <time>2026-09-22T11:44:47Z</time>
    <extensions>
     <gpxtpx:TrackPointExtension>
      <gpxtpx:atemp>30</gpxtpx:atemp>
      <gpxtpx:hr>105</gpxtpx:hr>
     </gpxtpx:TrackPointExtension>
    </extensions>
   </trkpt>
   <trkpt lat="36.4014434" lon="30.5100559">
    <ele>0.4</ele>
    <time>2026-09-22T11:44:52Z</time>
    <extensions>
     <gpxtpx:TrackPointExtension>
      <gpxtpx:atemp>30</gpxtpx:atemp>
      <gpxtpx:hr>106</gpxtpx:hr>
     </gpxtpx:TrackPointExtension>
    </extensions>
   </trkpt>
   <trkpt lat="36.4015412" lon="30.5100612">
    <ele>-0.2</ele>
    <time>2026-09-22T11:44:56Z</time>
    <extensions>
     <gpxtpx:TrackPointExtension>
      <gpxtpx:atemp>30</gpxtpx:atemp>
      <gpxtpx:hr>107</gpxtpx:hr>
     </gpxtpx:TrackPointExtension>
    </extensions>
   </trkpt>
   <trkpt lat="36.4016654" lon="30.5100720">
    <ele>-0.2</ele>
    <time>2026-09-22T11:45:01Z</time>
    <extensions>
     <gpxtpx:TrackPointExtension>
      <gpxtpx:atemp>30</gpxtpx:atemp>
      <gpxtpx:hr>108</gpxtpx:hr>
     </gpxtpx:TrackPointExtension>
    </extensions>
   </trkpt>
   <trkpt lat="36.4017891" lon="30.5100780">
    <ele>0.2</ele>
    <time>2026-09-22T11:45:06Z</time>
    <extensions>
     <gpxtpx:TrackPointExtension>
      <gpxtpx:atemp>30</gpxtpx:atemp>
      <gpxtpx:hr>107</gpxtpx:hr>
     </gpxtpx:TrackPointExtension>
    </extensions>
   </trkpt>
   <trkpt lat="36.4018641" lon="30.5100805">
    <ele>-0.0</ele>
    <time>2026-09-22T11:45:09Z</time>
    <extensions>
     <gpxtpx:TrackPointExtension>
      <gpxtpx:atemp>30</gpxtpx:atemp>
      <gpxtpx:hr>108</gpxtpx:hr>
     </gpxtpx:TrackPointExtension>
    </extensions>
   </trkpt>
   <trkpt lat="36.4019676" lon="30.5100872">
    <ele>0.5</ele>
    <time>2026-09-22T11:45:13Z</time>
    <extensions>
     <gpxtpx:TrackPointExtension>
      <gpxtpx:atemp>30</gpxtpx:atemp>
      <gpxtpx:hr>107</gpxtpx:hr>
     </gpxtpx:TrackPointExtension>
    </extensions>
   </trkpt>
   <trkpt lat="36.4020937" lon="30.5100970">
    <ele>-0.2</ele>
    <time>2026-09-22T11:45:18Z</time>
    <extensions>
     <gpxtpx:TrackPointExtension>
      <gpxtpx:atemp>30</gpxtpx:atemp>
      <gpxtpx:hr>106</gpxtpx:hr>
     </gpxtpx:TrackPointExtension>
    </extensions>
   </trkpt>
   <trkpt lat="36.4022410" lon="30.5101061">
    <ele>-0.7</ele>
    <time>2026-09-22T11:45:24Z</time>
    <extensions>
     <gpxtpx:TrackPointExtension>
      <gpxtpx:atemp>30</gpxtpx:atemp>
      <gpxtpx:hr>107</gpxtpx:hr>
     </gpxtpx:TrackPointExtension>
    </extensions>
   </trkpt>
   <trkpt lat="36.4023690" lon="30.5101148">
    <ele>-0.2</ele>
    <time>2026-09-22T11:45:29Z</time>
    <extensions>
     <gpxtpx:TrackPointExtension>
      <gpxtpx:atemp>30</gpxtpx:atemp>
      <gpxtpx:hr>107</gpxtpx:hr>
     </gpxtpx:TrackPointExtension>
    </extensions>
   </trkpt>
   <trkpt lat="36.4024675" lon="30.5101199">
    <ele>-1.0</ele>
    <time>2026-09-22T11:45:33Z</time>
    <extensions>
     <gpxtpx:TrackPointExtension>
      <gpxtpx:atemp>30</gpxtpx:atemp>
      <gpxtpx:hr>106</gpxtpx:hr>
     </gpxtpx:TrackPointExtension>
    </extensions>
   </trkpt>
   <trkpt lat="36.4025969" lon="30.5101256">
    <ele>-0.5</ele>
    <time>2026-09-22T11:45:38Z</time>
    <extensions>
     <gpxtpx:TrackPointExtension>
      <gpxtpx:atemp>30</gpxtpx:atemp>
      <gpxtpx:hr>106</gpxtpx:hr>
     </gpxtpx:TrackPointExtension>
    </extensions>
   </trkpt>
   <trkpt lat="36.4029958" lon="30.5101506">
    <ele>0.6</ele>
    <time>2026-09-22T11:45:54Z</time>
    <extensions>
     <gpxtpx:TrackPointExtension>
      <gpxtpx:atemp>30</gpxtpx:atemp>
      <gpxtpx:hr>108</gpxtpx:hr>
     </gpxtpx:TrackPointExtension>
    </extensions>
   </trkpt>
   <trkpt lat="36.4030960" lon="30.5101604">
    <ele>-0.3</ele>
    <time>2026-09-22T11:45:58Z</time>
    <extensions>
     <gpxtpx:TrackPointExtension>
      <gpxtpx:atemp>30</gpxtpx:atemp>
      <gpxtpx:hr>105</gpxtpx:hr>
     </gpxtpx:TrackPointExtension>
    </extensions>
   </trkpt>
   <trkpt lat="36.4032202" lon="30.5101719">
    <ele>-0.3</ele>
    <time>2026-09-22T11:46:03Z</time>
    <extensions>
     <gpxtpx:TrackPointExtension>
      <gpxtpx:atemp>30</gpxtpx:atemp>
      <gpxtpx:hr>105</gpxtpx:hr>
     </gpxtpx:TrackPointExtension>
    </extensions>
   </trkpt>
   <trkpt lat="36.4033730" lon="30.5101822">
    <ele>-0.3</ele>
    <time>2026-09-22T11:46:09Z</time>
    <extensions>
     <gpxtpx:TrackPointExtension>
      <gpxtpx:atemp>30</gpxtpx:atemp>
      <gpxtpx:hr>106</gpxtpx:hr>
     </gpxtpx:TrackPointExtension>
    </extensions>
   </trkpt>
   <trkpt lat="36.4034681" lon="30.5101926">
    <ele>-0.2</ele>
    <time>2026-09-22T11:46:13Z</time>
    <extensions>
     <gpxtpx:TrackPointExtension>
      <gpxtpx:atemp>30</gpxtpx:atemp>
      <gpxtpx:hr>107</gpxtpx:hr>
     </gpxtpx:TrackPointExtension>
    </extensions>
   </trkpt>
   <trkpt lat="36.4035694" lon="30.5102041">
    <ele>-0.9</ele>
    <time>2026-09-22T11:46:17Z</time>
    <extensions>
     <gpxtpx:TrackPointExtension>
      <gpxtpx:atemp>30</gpxtpx:atemp>
      <gpxtpx:hr>107</gpxtpx:hr>
     </gpxtpx:TrackPointExtension>
    </extensions>
   </trkpt>
   <trkpt lat="36.4037204" lon="30.5102122">
    <ele>0.6</ele>
    <time>2026-09-22T11:46:23Z</time>
    <extensions>
     <gpxtpx:TrackPointExtension>
      <gpxtpx:atemp>30</gpxtpx:atemp>
      <gpxtpx:hr>108</gpxtpx:hr>
     </gpxtpx:TrackPointExtension>
    </extensions>
   </trkpt>
   <trkpt lat="36.4038474" lon="30.5102196">
    <ele>0.9</ele>
    <time>2026-09-22T11:46:28Z</time>
    <extensions>
     <gpxtpx:TrackPointExtension>
      <gpxtpx:atemp>30</gpxtpx:atemp>
      <gpxtpx:hr>106</gpxtpx:hr>
     </gpxtpx:TrackPointExtension>
    </extensions>
   </trkpt>
   <trkpt lat="36.4039482" lon="30.5102237">
    <ele>-0.1</ele>
    <time>2026-09-22T11:46:32Z</time>
    <extensions>
     <gpxtpx:TrackPointExtension>
      <gpxtpx:atemp>30</gpxtpx:atemp>
      <gpxtpx:hr>106</gpxtpx:hr>
     </gpxtpx:TrackPointExtension>
    </extensions>
   </trkpt>
   <trkpt lat="36.4040731" lon="30.5102281">
    <ele>-0.0</ele>
    <time>2026-09-22T11:46:37Z</time>
    <extensions>
     <gpxtpx:TrackPointExtension>
      <gpxtpx:atemp>30</gpxtpx:atemp>
      <gpxtpx:hr>105</gpxtpx:hr>
     </gpxtpx:TrackPointExtension>
    </extensions>
   </trkpt>
   <trkpt lat="36.4041491" lon="30.5102358">
    <ele>0.3</ele>
    <time>2026-09-22T11:46:40Z</time>
    <extensions>
     <gpxtpx:TrackPointExtension>
      <gpxtpx:atemp>30</gpxtpx:atemp>
      <gpxtpx:hr>107</gpxtpx:hr>
     </gpxtpx:TrackPointExtension>
    </extensions>
   </trkpt>
   <trkpt lat="36.4042470" lon="30.5102440">
    <ele>0.5</ele>
    <time>2026-09-22T11:46:44Z</time>
    <extensions>
     <gpxtpx:TrackPointExtension>
      <gpxtpx:atemp>30</gpxtpx:atemp>
      <gpxtpx:hr>108</gpxtpx:hr>
     </gpxtpx:TrackPointExtension>
    </extensions>
   </trkpt>
   <trkpt lat="36.4043426" lon="30.5102481">
    <ele>0.2</ele>
    <time>2026-09-22T11:46:48Z</time>
    <extensions>
     <gpxtpx:TrackPointExtension>
      <gpxtpx:atemp>30</gpxtpx:atemp>
      <gpxtpx:hr>107</gpxtpx:hr>
     </gpxtpx:TrackPointExtension>
    </extensions>
   </trkpt>
   <trkpt lat="36.4044420" lon="30.5102574">
    <ele>-0.7</ele>
    <time>2026-09-22T11:46:52Z</time>
    <extensions>
     <gpxtpx:TrackPointExtension>
      <gpxtpx:atemp>30</gpxtpx:atemp>
      <gpxtpx:hr>108</gpxtpx:hr>
     </gpxtpx:TrackPointExtension>
    </extensions>
   </trkpt>
   <trkpt lat="36.4045655" lon="30.5102678">
    <ele>-0.9</ele>
    <time>2026-09-22T11:46:57Z</time>
    <extensions>
     <gpxtpx:TrackPointExtension>
      <gpxtpx:atemp>30</gpxtpx:atemp>
      <gpxtpx:hr>108</gpxtpx:hr>
     </gpxtpx:TrackPointExtension>
    </extensions>
   </trkpt>
   <trkpt lat="36.4046849" lon="30.5102802">
    <ele>0.5</ele>
    <time>2026-09-22T11:47:02Z</time>
    <extensions>
     <gpxtpx:TrackPointExtension>
      <gpxtpx:atemp>30</gpxtpx:atemp>
      <gpxtpx:hr>107</gpxtpx:hr>
     </gpxtpx:TrackPointExtension>
    </extensions>
   </trkpt>
   <trkpt lat="36.4047579" lon="30.5102844">
    <ele>-0.3</ele>
    <time>2026-09-22T11:47:05Z</time>
    <extensions>
     <gpxtpx:TrackPointExtension>
      <gpxtpx:atemp>30</gpxtpx:atemp>
      <gpxtpx:hr>106</gpxtpx:hr>
     </gpxtpx:TrackPointExtension>
    </extensions>
   </trkpt>
   <trkpt lat="36.4048864" lon="30.5102977">
    <ele>0.2</ele>
    <time>2026-09-22T11:47:10Z</time>
    <extensions>
     <gpxtpx:TrackPointExtension>
      <gpxtpx:atemp>30</gpxtpx:atemp>
      <gpxtpx:hr>106</gpxtpx:hr>
     </gpxtpx:TrackPointExtension>
    </extensions>
   </trkpt>
   <trkpt lat="36.4050110" lon="30.5103059">
    <ele>0.8</ele>
    <time>2026-09-22T11:47:15Z</time>
    <extensions>
     <gpxtpx:TrackPointExtension>
      <gpxtpx:atemp>30</gpxtpx:atemp>
      <gpxtpx:hr>105</gpxtpx:hr>
     </gpxtpx:TrackPointExtension>
    </extensions>
   </trkpt>
   <trkpt lat="36.4051380" lon="30.5103139">
    <ele>-0.9</ele>
    <time>2026-09-22T11:47:20Z</time>
    <extensions>
     <gpxtpx:TrackPointExtension>
      <gpxtpx:atemp>30</gpxtpx:atemp>
      <gpxtpx:hr>108</gpxtpx:hr>
     </gpxtpx:TrackPointExtension>
    </extensions>
   </trkpt>
   <trkpt lat="36.4052367" lon="30.5103211">
    <ele>-0.9</ele>
    <time>2026-09-22T11:47:24Z</time>
    <extensions>
     <gpxtpx:TrackPointExtension>
      <gpxtpx:atemp>30</gpxtpx:atemp>
      <gpxtpx:hr>110</gpxtpx:hr>
     </gpxtpx:TrackPointExtension>
    </extensions>
   </trkpt>
   <trkpt lat="36.4053359" lon="30.5103330">
    <ele>0.5</ele>
    <time>2026-09-22T11:47:28Z</time>
    <extensions>
     <gpxtpx:TrackPointExtension>
      <gpxtpx:atemp>30</gpxtpx:atemp>
      <gpxtpx:hr>109</gpxtpx:hr>
     </gpxtpx:TrackPointExtension>
    </extensions>
   </trkpt>
   <trkpt lat="36.4054159" lon="30.5103321">
    <ele>-0.1</ele>
    <time>2026-09-22T11:47:31Z</time>
    <extensions>
     <gpxtpx:TrackPointExtension>
      <gpxtpx:atemp>30</gpxtpx:atemp>
      <gpxtpx:hr>109</gpxtpx:hr>
     </gpxtpx:TrackPointExtension>
    </extensions>
   </trkpt>
   <trkpt lat="36.4055400" lon="30.5103389">
    <ele>1.0</ele>
    <time>2026-09-22T11:47:36Z</time>
    <extensions>
     <gpxtpx:TrackPointExtension>
      <gpxtpx:atemp>30</gpxtpx:atemp>
      <gpxtpx:hr>109</gpxtpx:hr>
     </gpxtpx:TrackPointExtension>
    </extensions>
   </trkpt>
   <trkpt lat="36.4056657" lon="30.5103469">
    <ele>0.4</ele>
    <time>2026-09-22T11:47:41Z</time>
    <extensions>
     <gpxtpx:TrackPointExtension>
      <gpxtpx:atemp>30</gpxtpx:atemp>
      <gpxtpx:hr>109</gpxtpx:hr>
     </gpxtpx:TrackPointExtension>
    </extensions>
   </trkpt>
   <trkpt lat="36.4057906" lon="30.5103565">
    <ele>-0.3</ele>
    <time>2026-09-22T11:47:46Z</time>
    <extensions>
     <gpxtpx:TrackPointExtension>
      <gpxtpx:atemp>29</gpxtpx:atemp>
      <gpxtpx:hr>109</gpxtpx:hr>
     </gpxtpx:TrackPointExtension>
    </extensions>
   </trkpt>
   <trkpt lat="36.4059162" lon="30.5103689">
    <ele>-0.5</ele>
    <time>2026-09-22T11:47:51Z</time>
    <extensions>
     <gpxtpx:TrackPointExtension>
      <gpxtpx:atemp>29</gpxtpx:atemp>
      <gpxtpx:hr>110</gpxtpx:hr>
     </gpxtpx:TrackPointExtension>
    </extensions>
   </trkpt>
   <trkpt lat="36.4060382" lon="30.5103782">
    <ele>-0.0</ele>
    <time>2026-09-22T11:47:56Z</time>
    <extensions>
     <gpxtpx:TrackPointExtension>
      <gpxtpx:atemp>29</gpxtpx:atemp>
      <gpxtpx:hr>107</gpxtpx:hr>
     </gpxtpx:TrackPointExtension>
    </extensions>
   </trkpt>
   <trkpt lat="36.4061609" lon="30.5103944">
    <ele>-0.9</ele>
    <time>2026-09-22T11:48:01Z</time>
    <extensions>
     <gpxtpx:TrackPointExtension>
      <gpxtpx:atemp>29</gpxtpx:atemp>
      <gpxtpx:hr>108</gpxtpx:hr>
     </gpxtpx:TrackPointExtension>
    </extensions>
   </trkpt>
   <trkpt lat="36.4062867" lon="30.5104027">
    <ele>0.3</ele>
    <time>2026-09-22T11:48:06Z</time>
    <extensions>
     <gpxtpx:TrackPointExtension>
      <gpxtpx:atemp>29</gpxtpx:atemp>
      <gpxtpx:hr>109</gpxtpx:hr>
     </gpxtpx:TrackPointExtension>
    </extensions>
   </trkpt>
   <trkpt lat="36.4064132" lon="30.5104136">
    <ele>-0.7</ele>
    <time>2026-09-22T11:48:11Z</time>
    <extensions>
     <gpxtpx:TrackPointExtension>
      <gpxtpx:atemp>29</gpxtpx:atemp>
      <gpxtpx:hr>111</gpxtpx:hr>
     </gpxtpx:TrackPointExtension>
    </extensions>
   </trkpt>
   <trkpt lat="36.4065130" lon="30.5104203">
    <ele>-0.1</ele>
    <time>2026-09-22T11:48:15Z</time>
    <extensions>
     <gpxtpx:TrackPointExtension>
      <gpxtpx:atemp>29</gpxtpx:atemp>
      <gpxtpx:hr>111</gpxtpx:hr>
     </gpxtpx:TrackPointExtension>
    </extensions>
   </trkpt>
   <trkpt lat="36.4066384" lon="30.5104304">
    <ele>-0.7</ele>
    <time>2026-09-22T11:48:20Z</time>
    <extensions>
     <gpxtpx:TrackPointExtension>
      <gpxtpx:atemp>29</gpxtpx:atemp>
      <gpxtpx:hr>110</gpxtpx:hr>
     </gpxtpx:TrackPointExtension>
    </extensions>
   </trkpt>
   <trkpt lat="36.4067643" lon="30.5104365">
    <ele>-0.5</ele>
    <time>2026-09-22T11:48:25Z</time>
    <extensions>
     <gpxtpx:TrackPointExtension>
      <gpxtpx:atemp>29</gpxtpx:atemp>
      <gpxtpx:hr>110</gpxtpx:hr>
     </gpxtpx:TrackPointExtension>
    </extensions>
   </trkpt>
   <trkpt lat="36.4068619" lon="30.5104465">
    <ele>-0.1</ele>
    <time>2026-09-22T11:48:29Z</time>
    <extensions>
     <gpxtpx:TrackPointExtension>
      <gpxtpx:atemp>29</gpxtpx:atemp>
      <gpxtpx:hr>112</gpxtpx:hr>
     </gpxtpx:TrackPointExtension>
    </extensions>
   </trkpt>
   <trkpt lat="36.4069871" lon="30.5104547">
    <ele>0.5</ele>
    <time>2026-09-22T11:48:34Z</time>
    <extensions>
     <gpxtpx:TrackPointExtension>
      <gpxtpx:atemp>29</gpxtpx:atemp>
      <gpxtpx:hr>111</gpxtpx:hr>
     </gpxtpx:TrackPointExtension>
    </extensions>
   </trkpt>
   <trkpt lat="36.4071143" lon="30.5104632">
    <ele>-0.3</ele>
    <time>2026-09-22T11:48:39Z</time>
    <extensions>
     <gpxtpx:TrackPointExtension>
      <gpxtpx:atemp>29</gpxtpx:atemp>
      <gpxtpx:hr>111</gpxtpx:hr>
     </gpxtpx:TrackPointExtension>
    </extensions>
   </trkpt>
   <trkpt lat="36.4072116" lon="30.5104755">
    <ele>-0.7</ele>
    <time>2026-09-22T11:48:43Z</time>
    <extensions>
     <gpxtpx:TrackPointExtension>
      <gpxtpx:atemp>29</gpxtpx:atemp>
      <gpxtpx:hr>113</gpxtpx:hr>
     </gpxtpx:TrackPointExtension>
    </extensions>
   </trkpt>
   <trkpt lat="36.4073376" lon="30.5104831">
    <ele>-0.3</ele>
    <time>2026-09-22T11:48:48Z</time>
    <extensions>
     <gpxtpx:TrackPointExtension>
      <gpxtpx:atemp>30</gpxtpx:atemp>
      <gpxtpx:hr>111</gpxtpx:hr>
     </gpxtpx:TrackPointExtension>
    </extensions>
   </trkpt>
   <trkpt lat="36.4074861" lon="30.5104921">
    <ele>0.8</ele>
    <time>2026-09-22T11:48:54Z</time>
    <extensions>
     <gpxtpx:TrackPointExtension>
      <gpxtpx:atemp>30</gpxtpx:atemp>
      <gpxtpx:hr>108</gpxtpx:hr>
     </gpxtpx:TrackPointExtension>
    </extensions>
   </trkpt>
   <trkpt lat="36.4075891" lon="30.5104987">
    <ele>-0.7</ele>
    <time>2026-09-22T11:48:58Z</time>
    <extensions>
     <gpxtpx:TrackPointExtension>
      <gpxtpx:atemp>30</gpxtpx:atemp>
      <gpxtpx:hr>109</gpxtpx:hr>
     </gpxtpx:TrackPointExtension>
    </extensions>
   </trkpt>
   <trkpt lat="36.4077140" lon="30.5105083">
    <ele>0.5</ele>
    <time>2026-09-22T11:49:03Z</time>
    <extensions>
     <gpxtpx:TrackPointExtension>
      <gpxtpx:atemp>30</gpxtpx:atemp>
      <gpxtpx:hr>108</gpxtpx:hr>
     </gpxtpx:TrackPointExtension>
    </extensions>
   </trkpt>
   <trkpt lat="36.4077877" lon="30.5105191">
    <ele>0.7</ele>
    <time>2026-09-22T11:49:06Z</time>
    <extensions>
     <gpxtpx:TrackPointExtension>
      <gpxtpx:atemp>30</gpxtpx:atemp>
      <gpxtpx:hr>106</gpxtpx:hr>
     </gpxtpx:TrackPointExtension>
    </extensions>
   </trkpt>
   <trkpt lat="36.4079125" lon="30.5105262">
    <ele>0.1</ele>
    <time>2026-09-22T11:49:11Z</time>
    <extensions>
     <gpxtpx:TrackPointExtension>
      <gpxtpx:atemp>30</gpxtpx:atemp>
      <gpxtpx:hr>109</gpxtpx:hr>
     </gpxtpx:TrackPointExtension>
    </extensions>
   </trkpt>
   <trkpt lat="36.4080372" lon="30.5105310">
    <ele>0.4</ele>
    <time>2026-09-22T11:49:16Z</time>
    <extensions>
     <gpxtpx:TrackPointExtension>
      <gpxtpx:atemp>30</gpxtpx:atemp>
      <gpxtpx:hr>107</gpxtpx:hr>
     </gpxtpx:TrackPointExtension>
    </extensions>
   </trkpt>
   <trkpt lat="36.4081627" lon="30.5105378">
    <ele>0.3</ele>
    <time>2026-09-22T11:49:21Z</time>
    <extensions>
     <gpxtpx:TrackPointExtension>
      <gpxtpx:atemp>30</gpxtpx:atemp>
      <gpxtpx:hr>106</gpxtpx:hr>
     </gpxtpx:TrackPointExtension>
    </extensions>
   </trkpt>
   <trkpt lat="36.4083137" lon="30.5105508">
    <ele>-0.0</ele>
    <time>2026-09-22T11:49:27Z</time>
    <extensions>
     <gpxtpx:TrackPointExtension>
      <gpxtpx:atemp>30</gpxtpx:atemp>
      <gpxtpx:hr>107</gpxtpx:hr>
     </gpxtpx:TrackPointExtension>
    </extensions>
   </trkpt>
   <trkpt lat="36.4084409" lon="30.5105619">
    <ele>-0.7</ele>
    <time>2026-09-22T11:49:32Z</time>
    <extensions>
     <gpxtpx:TrackPointExtension>
      <gpxtpx:atemp>30</gpxtpx:atemp>
      <gpxtpx:hr>107</gpxtpx:hr>
     </gpxtpx:TrackPointExtension>
    </extensions>
   </trkpt>
   <trkpt lat="36.4085166" lon="30.5105651">
    <ele>-0.3</ele>
    <time>2026-09-22T11:49:35Z</time>
    <extensions>
     <gpxtpx:TrackPointExtension>
      <gpxtpx:atemp>30</gpxtpx:atemp>
      <gpxtpx:hr>106</gpxtpx:hr>
     </gpxtpx:TrackPointExtension>
    </extensions>
   </trkpt>
   <trkpt lat="36.4086415" lon="30.5105755">
    <ele>-0.3</ele>
    <time>2026-09-22T11:49:40Z</time>
    <extensions>
     <gpxtpx:TrackPointExtension>
      <gpxtpx:atemp>30</gpxtpx:atemp>
      <gpxtpx:hr>108</gpxtpx:hr>
     </gpxtpx:TrackPointExtension>
    </extensions>
   </trkpt>
   <trkpt lat="36.4087168" lon="30.5105764">
    <ele>-0.7</ele>
    <time>2026-09-22T11:49:43Z</time>
    <extensions>
     <gpxtpx:TrackPointExtension>
      <gpxtpx:atemp>30</gpxtpx:atemp>
      <gpxtpx:hr>108</gpxtpx:hr>
     </gpxtpx:TrackPointExtension>
    </extensions>
   </trkpt>
   <trkpt lat="36.4088167" lon="30.5105845">
    <ele>0.2</ele>
    <time>2026-09-22T11:49:47Z</time>
    <extensions>
     <gpxtpx:TrackPointExtension>
      <gpxtpx:atemp>30</gpxtpx:atemp>
      <gpxtpx:hr>110</gpxtpx:hr>
     </gpxtpx:TrackPointExtension>
    </extensions>
   </trkpt>
   <trkpt lat="36.4088907" lon="30.5105827">
    <ele>-0.9</ele>
    <time>2026-09-22T11:49:50Z</time>
    <extensions>
     <gpxtpx:TrackPointExtension>
      <gpxtpx:atemp>30</gpxtpx:atemp>
      <gpxtpx:hr>109</gpxtpx:hr>
     </gpxtpx:TrackPointExtension>
    </extensions>
   </trkpt>
   <trkpt lat="36.4090424" lon="30.5105943">
    <ele>-0.0</ele>
    <time>2026-09-22T11:49:56Z</time>
    <extensions>
     <gpxtpx:TrackPointExtension>
      <gpxtpx:atemp>30</gpxtpx:atemp>
      <gpxtpx:hr>109</gpxtpx:hr>
     </gpxtpx:TrackPointExtension>
    </extensions>
   </trkpt>
   <trkpt lat="36.4091638" lon="30.5106081">
    <ele>0.2</ele>
    <time>2026-09-22T11:50:01Z</time>
    <extensions>
     <gpxtpx:TrackPointExtension>
      <gpxtpx:atemp>30</gpxtpx:atemp>
      <gpxtpx:hr>109</gpxtpx:hr>
     </gpxtpx:TrackPointExtension>
    </extensions>
   </trkpt>
   <trkpt lat="36.4092632" lon="30.5106227">
    <ele>-0.4</ele>
    <time>2026-09-22T11:50:05Z</time>
    <extensions>
     <gpxtpx:TrackPointExtension>
      <gpxtpx:atemp>30</gpxtpx:atemp>
      <gpxtpx:hr>110</gpxtpx:hr>
     </gpxtpx:TrackPointExtension>
    </extensions>
   </trkpt>
   <trkpt lat="36.4093841" lon="30.5106325">
    <ele>0.4</ele>
    <time>2026-09-22T11:50:10Z</time>
    <extensions>
     <gpxtpx:TrackPointExtension>
      <gpxtpx:atemp>30</gpxtpx:atemp>
      <gpxtpx:hr>110</gpxtpx:hr>
     </gpxtpx:TrackPointExtension>
    </extensions>
   </trkpt>
   <trkpt lat="36.4095068" lon="30.5106408">
    <ele>-0.6</ele>
    <time>2026-09-22T11:50:15Z</time>
    <extensions>
     <gpxtpx:TrackPointExtension>
      <gpxtpx:atemp>30</gpxtpx:atemp>
      <gpxtpx:hr>112</gpxtpx:hr>
     </gpxtpx:TrackPointExtension>
    </extensions>
   </trkpt>
   <trkpt lat="36.4096056" lon="30.5106466">
    <ele>-0.9</ele>
    <time>2026-09-22T11:50:19Z</time>
    <extensions>
     <gpxtpx:TrackPointExtension>
      <gpxtpx:atemp>30</gpxtpx:atemp>
      <gpxtpx:hr>112</gpxtpx:hr>
     </gpxtpx:TrackPointExtension>
    </extensions>
   </trkpt>
   <trkpt lat="36.4096834" lon="30.5106489">
    <ele>-0.5</ele>
    <time>2026-09-22T11:50:22Z</time>
    <extensions>
     <gpxtpx:TrackPointExtension>
      <gpxtpx:atemp>30</gpxtpx:atemp>
      <gpxtpx:hr>111</gpxtpx:hr>
     </gpxtpx:TrackPointExtension>
    </extensions>
   </trkpt>
   <trkpt lat="36.4097807" lon="30.5106540">
    <ele>0.4</ele>
    <time>2026-09-22T11:50:26Z</time>
    <extensions>
     <gpxtpx:TrackPointExtension>
      <gpxtpx:atemp>30</gpxtpx:atemp>
      <gpxtpx:hr>112</gpxtpx:hr>
     </gpxtpx:TrackPointExtension>
    </extensions>
   </trkpt>
   <trkpt lat="36.4099048" lon="30.5106653">
    <ele>0.4</ele>
    <time>2026-09-22T11:50:31Z</time>
    <extensions>
     <gpxtpx:TrackPointExtension>
      <gpxtpx:atemp>30</gpxtpx:atemp>
      <gpxtpx:hr>111</gpxtpx:hr>
     </gpxtpx:TrackPointExtension>
    </extensions>
   </trkpt>
   <trkpt lat="36.4100281" lon="30.5106707">
    <ele>0.9</ele>
    <time>2026-09-22T11:50:36Z</time>
    <extensions>
     <gpxtpx:TrackPointExtension>
      <gpxtpx:atemp>30</gpxtpx:atemp>
      <gpxtpx:hr>112</gpxtpx:hr>
     </gpxtpx:TrackPointExtension>
    </extensions>
   </trkpt>
   <trkpt lat="36.4101585" lon="30.5106817">
    <ele>-0.7</ele>
    <time>2026-09-22T11:50:41Z</time>
    <extensions>
     <gpxtpx:TrackPointExtension>
      <gpxtpx:atemp>30</gpxtpx:atemp>
      <gpxtpx:hr>109</gpxtpx:hr>
     </gpxtpx:TrackPointExtension>
    </extensions>
   </trkpt>
   <trkpt lat="36.4102863" lon="30.5106944">
    <ele>-0.9</ele>
    <time>2026-09-22T11:50:46Z</time>
    <extensions>
     <gpxtpx:TrackPointExtension>
      <gpxtpx:atemp>30</gpxtpx:atemp>
      <gpxtpx:hr>108</gpxtpx:hr>
     </gpxtpx:TrackPointExtension>
    </extensions>
   </trkpt>
   <trkpt lat="36.4103879" lon="30.5107028">
    <ele>0.1</ele>
    <time>2026-09-22T11:50:50Z</time>
    <extensions>
     <gpxtpx:TrackPointExtension>
      <gpxtpx:atemp>30</gpxtpx:atemp>
      <gpxtpx:hr>110</gpxtpx:hr>
     </gpxtpx:TrackPointExtension>
    </extensions>
   </trkpt>
   <trkpt lat="36.4105115" lon="30.5107184">
    <ele>-1.2</ele>
    <time>2026-09-22T11:50:55Z</time>
    <extensions>
     <gpxtpx:TrackPointExtension>
      <gpxtpx:atemp>30</gpxtpx:atemp>
      <gpxtpx:hr>108</gpxtpx:hr>
     </gpxtpx:TrackPointExtension>
    </extensions>
   </trkpt>
   <trkpt lat="36.4106101" lon="30.5107260">
    <ele>0.3</ele>
    <time>2026-09-22T11:50:59Z</time>
    <extensions>
     <gpxtpx:TrackPointExtension>
      <gpxtpx:atemp>30</gpxtpx:atemp>
      <gpxtpx:hr>110</gpxtpx:hr>
     </gpxtpx:TrackPointExtension>
    </extensions>
   </trkpt>
   <trkpt lat="36.4107621" lon="30.5107414">
    <ele>-0.8</ele>
    <time>2026-09-22T11:51:05Z</time>
    <extensions>
     <gpxtpx:TrackPointExtension>
      <gpxtpx:atemp>30</gpxtpx:atemp>
      <gpxtpx:hr>111</gpxtpx:hr>
     </gpxtpx:TrackPointExtension>
    </extensions>
   </trkpt>
   <trkpt lat="36.4108613" lon="30.5107459">
    <ele>-0.2</ele>
    <time>2026-09-22T11:51:09Z</time>
    <extensions>
     <gpxtpx:TrackPointExtension>
      <gpxtpx:atemp>30</gpxtpx:atemp>
      <gpxtpx:hr>111</gpxtpx:hr>
     </gpxtpx:TrackPointExtension>
    </extensions>
   </trkpt>
   <trkpt lat="36.4110120" lon="30.5107551">
    <ele>-0.2</ele>
    <time>2026-09-22T11:51:15Z</time>
    <extensions>
     <gpxtpx:TrackPointExtension>
      <gpxtpx:atemp>30</gpxtpx:atemp>
      <gpxtpx:hr>113</gpxtpx:hr>
     </gpxtpx:TrackPointExtension>
    </extensions>
   </trkpt>
   <trkpt lat="36.4111623" lon="30.5107709">
    <ele>1.1</ele>
    <time>2026-09-22T11:51:21Z</time>
    <extensions>
     <gpxtpx:TrackPointExtension>
      <gpxtpx:atemp>30</gpxtpx:atemp>
      <gpxtpx:hr>112</gpxtpx:hr>
     </gpxtpx:TrackPointExtension>
    </extensions>
   </trkpt>
   <trkpt lat="36.4112580" lon="30.5107785">
    <ele>0.4</ele>
    <time>2026-09-22T11:51:25Z</time>
    <extensions>
     <gpxtpx:TrackPointExtension>
      <gpxtpx:atemp>30</gpxtpx:atemp>
      <gpxtpx:hr>112</gpxtpx:hr>
     </gpxtpx:TrackPointExtension>
    </extensions>
   </trkpt>
   <trkpt lat="36.4113822" lon="30.5107855">
    <ele>-0.0</ele>
    <time>2026-09-22T11:51:30Z</time>
    <extensions>
     <gpxtpx:TrackPointExtension>
      <gpxtpx:atemp>30</gpxtpx:atemp>
      <gpxtpx:hr>112</gpxtpx:hr>
     </gpxtpx:TrackPointExtension>
    </extensions>
   </trkpt>
   <trkpt lat="36.4115041" lon="30.5107978">
    <ele>-1.5</ele>
    <time>2026-09-22T11:51:35Z</time>
    <extensions>
     <gpxtpx:TrackPointExtension>
      <gpxtpx:atemp>30</gpxtpx:atemp>
      <gpxtpx:hr>111</gpxtpx:hr>
     </gpxtpx:TrackPointExtension>
    </extensions>
   </trkpt>
   <trkpt lat="36.4116281" lon="30.5108098">
    <ele>-0.1</ele>
    <time>2026-09-22T11:51:40Z</time>
    <extensions>
     <gpxtpx:TrackPointExtension>
      <gpxtpx:atemp>30</gpxtpx:atemp>
      <gpxtpx:hr>111</gpxtpx:hr>
     </gpxtpx:TrackPointExtension>
    </extensions>
   </trkpt>
   <trkpt lat="36.4117549" lon="30.5108190">
    <ele>0.2</ele>
    <time>2026-09-22T11:51:45Z</time>
    <extensions>
     <gpxtpx:TrackPointExtension>
      <gpxtpx:atemp>30</gpxtpx:atemp>
      <gpxtpx:hr>111</gpxtpx:hr>
     </gpxtpx:TrackPointExtension>
    </extensions>
   </trkpt>
   <trkpt lat="36.4121241" lon="30.5108502">
    <ele>-0.4</ele>
    <time>2026-09-22T11:52:00Z</time>
    <extensions>
     <gpxtpx:TrackPointExtension>
      <gpxtpx:atemp>30</gpxtpx:atemp>
      <gpxtpx:hr>111</gpxtpx:hr>
     </gpxtpx:TrackPointExtension>
    </extensions>
   </trkpt>
   <trkpt lat="36.4122500" lon="30.5108582">
    <ele>-0.4</ele>
    <time>2026-09-22T11:52:05Z</time>
    <extensions>
     <gpxtpx:TrackPointExtension>
      <gpxtpx:atemp>30</gpxtpx:atemp>
      <gpxtpx:hr>111</gpxtpx:hr>
     </gpxtpx:TrackPointExtension>
    </extensions>
   </trkpt>
   <trkpt lat="36.4123771" lon="30.5108727">
    <ele>-0.5</ele>
    <time>2026-09-22T11:52:10Z</time>
    <extensions>
     <gpxtpx:TrackPointExtension>
      <gpxtpx:atemp>30</gpxtpx:atemp>
      <gpxtpx:hr>111</gpxtpx:hr>
     </gpxtpx:TrackPointExtension>
    </extensions>
   </trkpt>
   <trkpt lat="36.4124766" lon="30.5108845">
    <ele>0.7</ele>
    <time>2026-09-22T11:52:14Z</time>
    <extensions>
     <gpxtpx:TrackPointExtension>
      <gpxtpx:atemp>30</gpxtpx:atemp>
      <gpxtpx:hr>112</gpxtpx:hr>
     </gpxtpx:TrackPointExtension>
    </extensions>
   </trkpt>
   <trkpt lat="36.4125728" lon="30.5108893">
    <ele>1.0</ele>
    <time>2026-09-22T11:52:18Z</time>
    <extensions>
     <gpxtpx:TrackPointExtension>
      <gpxtpx:atemp>30</gpxtpx:atemp>
      <gpxtpx:hr>111</gpxtpx:hr>
     </gpxtpx:TrackPointExtension>
    </extensions>
   </trkpt>
   <trkpt lat="36.4127042" lon="30.5109003">
    <ele>0.5</ele>
    <time>2026-09-22T11:52:23Z</time>
    <extensions>
     <gpxtpx:TrackPointExtension>
      <gpxtpx:atemp>30</gpxtpx:atemp>
      <gpxtpx:hr>107</gpxtpx:hr>
     </gpxtpx:TrackPointExtension>
    </extensions>
   </trkpt>
   <trkpt lat="36.4128332" lon="30.5109140">
    <ele>-0.9</ele>
    <time>2026-09-22T11:52:28Z</time>
    <extensions>
     <gpxtpx:TrackPointExtension>
      <gpxtpx:atemp>30</gpxtpx:atemp>
      <gpxtpx:hr>106</gpxtpx:hr>
     </gpxtpx:TrackPointExtension>
    </extensions>
   </trkpt>
   <trkpt lat="36.4129088" lon="30.5109205">
    <ele>0.7</ele>
    <time>2026-09-22T11:52:31Z</time>
    <extensions>
     <gpxtpx:TrackPointExtension>
      <gpxtpx:atemp>30</gpxtpx:atemp>
      <gpxtpx:hr>107</gpxtpx:hr>
     </gpxtpx:TrackPointExtension>
    </extensions>
   </trkpt>
   <trkpt lat="36.4129825" lon="30.5109230">
    <ele>-0.2</ele>
    <time>2026-09-22T11:52:34Z</time>
    <extensions>
     <gpxtpx:TrackPointExtension>
      <gpxtpx:atemp>30</gpxtpx:atemp>
      <gpxtpx:hr>107</gpxtpx:hr>
     </gpxtpx:TrackPointExtension>
    </extensions>
   </trkpt>
   <trkpt lat="36.4131067" lon="30.5109311">
    <ele>-0.1</ele>
    <time>2026-09-22T11:52:39Z</time>
    <extensions>
     <gpxtpx:TrackPointExtension>
      <gpxtpx:atemp>30</gpxtpx:atemp>
      <gpxtpx:hr>106</gpxtpx:hr>
     </gpxtpx:TrackPointExtension>
    </extensions>
   </trkpt>
   <trkpt lat="36.4132288" lon="30.5109375">
    <ele>-0.4</ele>
    <time>2026-09-22T11:52:44Z</time>
    <extensions>
     <gpxtpx:TrackPointExtension>
      <gpxtpx:atemp>30</gpxtpx:atemp>
      <gpxtpx:hr>105</gpxtpx:hr>
     </gpxtpx:TrackPointExtension>
    </extensions>
   </trkpt>
   <trkpt lat="36.4133297" lon="30.5109424">
    <ele>-0.5</ele>
    <time>2026-09-22T11:52:48Z</time>
    <extensions>
     <gpxtpx:TrackPointExtension>
      <gpxtpx:atemp>30</gpxtpx:atemp>
      <gpxtpx:hr>104</gpxtpx:hr>
     </gpxtpx:TrackPointExtension>
    </extensions>
   </trkpt>
   <trkpt lat="36.4134289" lon="30.5109492">
    <ele>-0.1</ele>
    <time>2026-09-22T11:52:52Z</time>
    <extensions>
     <gpxtpx:TrackPointExtension>
      <gpxtpx:atemp>29</gpxtpx:atemp>
      <gpxtpx:hr>104</gpxtpx:hr>
     </gpxtpx:TrackPointExtension>
    </extensions>
   </trkpt>
   <trkpt lat="36.4135585" lon="30.5109633">
    <ele>-0.1</ele>
    <time>2026-09-22T11:52:57Z</time>
    <extensions>
     <gpxtpx:TrackPointExtension>
      <gpxtpx:atemp>29</gpxtpx:atemp>
      <gpxtpx:hr>105</gpxtpx:hr>
     </gpxtpx:TrackPointExtension>
    </extensions>
   </trkpt>
   <trkpt lat="36.4136866" lon="30.5109807">
    <ele>0.3</ele>
    <time>2026-09-22T11:53:02Z</time>
    <extensions>
     <gpxtpx:TrackPointExtension>
      <gpxtpx:atemp>29</gpxtpx:atemp>
      <gpxtpx:hr>104</gpxtpx:hr>
     </gpxtpx:TrackPointExtension>
    </extensions>
   </trkpt>
   <trkpt lat="36.4138099" lon="30.5109957">
    <ele>0.5</ele>
    <time>2026-09-22T11:53:07Z</time>
    <extensions>
     <gpxtpx:TrackPointExtension>
      <gpxtpx:atemp>29</gpxtpx:atemp>
      <gpxtpx:hr>106</gpxtpx:hr>
     </gpxtpx:TrackPointExtension>
    </extensions>
   </trkpt>
   <trkpt lat="36.4139105" lon="30.5110062">
    <ele>-0.1</ele>
    <time>2026-09-22T11:53:11Z</time>
    <extensions>
     <gpxtpx:TrackPointExtension>
      <gpxtpx:atemp>29</gpxtpx:atemp>
      <gpxtpx:hr>104</gpxtpx:hr>
     </gpxtpx:TrackPointExtension>
    </extensions>
   </trkpt>
   <trkpt lat="36.4140375" lon="30.5110006">
    <ele>-0.4</ele>
    <time>2026-09-22T11:53:16Z</time>
    <extensions>
     <gpxtpx:TrackPointExtension>
      <gpxtpx:atemp>30</gpxtpx:atemp>
      <gpxtpx:hr>105</gpxtpx:hr>
     </gpxtpx:TrackPointExtension>
    </extensions>
   </trkpt>
   <trkpt lat="36.4141202" lon="30.5109339">
    <ele>0.1</ele>
    <time>2026-09-22T11:53:20Z</time>
    <extensions>
     <gpxtpx:TrackPointExtension>
      <gpxtpx:atemp>30</gpxtpx:atemp>
      <gpxtpx:hr>106</gpxtpx:hr>
     </gpxtpx:TrackPointExtension>
    </extensions>
   </trkpt>
   <trkpt lat="36.4141597" lon="30.5108669">
    <ele>-0.4</ele>
    <time>2026-09-22T11:53:23Z</time>
    <extensions>
     <gpxtpx:TrackPointExtension>
      <gpxtpx:atemp>30</gpxtpx:atemp>
      <gpxtpx:hr>109</gpxtpx:hr>
     </gpxtpx:TrackPointExtension>
    </extensions>
   </trkpt>
   <trkpt lat="36.4141721" lon="30.5107871">
    <ele>0.7</ele>
    <time>2026-09-22T11:53:26Z</time>
    <extensions>
     <gpxtpx:TrackPointExtension>
      <gpxtpx:atemp>30</gpxtpx:atemp>
      <gpxtpx:hr>109</gpxtpx:hr>
     </gpxtpx:TrackPointExtension>
    </extensions>
   </trkpt>
   <trkpt lat="36.4141416" lon="30.5106504">
    <ele>0.2</ele>
    <time>2026-09-22T11:53:31Z</time>
    <extensions>
     <gpxtpx:TrackPointExtension>
      <gpxtpx:atemp>30</gpxtpx:atemp>
      <gpxtpx:hr>110</gpxtpx:hr>
     </gpxtpx:TrackPointExtension>
    </extensions>
   </trkpt>
   <trkpt lat="36.4140989" lon="30.5105260">
    <ele>-0.7</ele>
    <time>2026-09-22T11:53:36Z</time>
    <extensions>
     <gpxtpx:TrackPointExtension>
      <gpxtpx:atemp>30</gpxtpx:atemp>
      <gpxtpx:hr>110</gpxtpx:hr>
     </gpxtpx:TrackPointExtension>
    </extensions>
   </trkpt>
   <trkpt lat="36.4140689" lon="30.5104198">
    <ele>0.5</ele>
    <time>2026-09-22T11:53:40Z</time>
    <extensions>
     <gpxtpx:TrackPointExtension>
      <gpxtpx:atemp>30</gpxtpx:atemp>
      <gpxtpx:hr>112</gpxtpx:hr>
     </gpxtpx:TrackPointExtension>
    </extensions>
   </trkpt>
   <trkpt lat="36.4140217" lon="30.5102577">
    <ele>-0.4</ele>
    <time>2026-09-22T11:53:46Z</time>
    <extensions>
     <gpxtpx:TrackPointExtension>
      <gpxtpx:atemp>30</gpxtpx:atemp>
      <gpxtpx:hr>112</gpxtpx:hr>
     </gpxtpx:TrackPointExtension>
    </extensions>
   </trkpt>
   <trkpt lat="36.4139851" lon="30.5101246">
    <ele>-0.2</ele>
    <time>2026-09-22T11:53:51Z</time>
    <extensions>
     <gpxtpx:TrackPointExtension>
      <gpxtpx:atemp>30</gpxtpx:atemp>
      <gpxtpx:hr>112</gpxtpx:hr>
     </gpxtpx:TrackPointExtension>
    </extensions>
   </trkpt>
   <trkpt lat="36.4139490" lon="30.5099866">
    <ele>0.4</ele>
    <time>2026-09-22T11:53:56Z</time>
    <extensions>
     <gpxtpx:TrackPointExtension>
      <gpxtpx:atemp>29</gpxtpx:atemp>
      <gpxtpx:hr>113</gpxtpx:hr>
     </gpxtpx:TrackPointExtension>
    </extensions>
   </trkpt>
   <trkpt lat="36.4139225" lon="30.5099059">
    <ele>-0.7</ele>
    <time>2026-09-22T11:53:59Z</time>
    <extensions>
     <gpxtpx:TrackPointExtension>
      <gpxtpx:atemp>29</gpxtpx:atemp>
      <gpxtpx:hr>113</gpxtpx:hr>
     </gpxtpx:TrackPointExtension>
    </extensions>
   </trkpt>
   <trkpt lat="36.4138820" lon="30.5097645">
    <ele>0.7</ele>
    <time>2026-09-22T11:54:04Z</time>
    <extensions>
     <gpxtpx:TrackPointExtension>
      <gpxtpx:atemp>29</gpxtpx:atemp>
      <gpxtpx:hr>116</gpxtpx:hr>
     </gpxtpx:TrackPointExtension>
    </extensions>
   </trkpt>
   <trkpt lat="36.4138437" lon="30.5096243">
    <ele>0.1</ele>
    <time>2026-09-22T11:54:09Z</time>
    <extensions>
     <gpxtpx:TrackPointExtension>
      <gpxtpx:atemp>30</gpxtpx:atemp>
      <gpxtpx:hr>114</gpxtpx:hr>
     </gpxtpx:TrackPointExtension>
    </extensions>
   </trkpt>
   <trkpt lat="36.4138146" lon="30.5095190">
    <ele>0.1</ele>
    <time>2026-09-22T11:54:13Z</time>
    <extensions>
     <gpxtpx:TrackPointExtension>
      <gpxtpx:atemp>30</gpxtpx:atemp>
      <gpxtpx:hr>113</gpxtpx:hr>
     </gpxtpx:TrackPointExtension>
    </extensions>
   </trkpt>
   <trkpt lat="36.4137757" lon="30.5093896">
    <ele>-0.8</ele>
    <time>2026-09-22T11:54:18Z</time>
    <extensions>
     <gpxtpx:TrackPointExtension>
      <gpxtpx:atemp>30</gpxtpx:atemp>
      <gpxtpx:hr>113</gpxtpx:hr>
     </gpxtpx:TrackPointExtension>
    </extensions>
   </trkpt>
   <trkpt lat="36.4137489" lon="30.5092869">
    <ele>-0.4</ele>
    <time>2026-09-22T11:54:22Z</time>
    <extensions>
     <gpxtpx:TrackPointExtension>
      <gpxtpx:atemp>30</gpxtpx:atemp>
      <gpxtpx:hr>111</gpxtpx:hr>
     </gpxtpx:TrackPointExtension>
    </extensions>
   </trkpt>
   <trkpt lat="36.4137291" lon="30.5092083">
    <ele>-0.0</ele>
    <time>2026-09-22T11:54:25Z</time>
    <extensions>
     <gpxtpx:TrackPointExtension>
      <gpxtpx:atemp>30</gpxtpx:atemp>
      <gpxtpx:hr>111</gpxtpx:hr>
     </gpxtpx:TrackPointExtension>
    </extensions>
   </trkpt>
   <trkpt lat="36.4136862" lon="30.5090552">
    <ele>-0.0</ele>
    <time>2026-09-22T11:54:31Z</time>
    <extensions>
     <gpxtpx:TrackPointExtension>
      <gpxtpx:atemp>30</gpxtpx:atemp>
      <gpxtpx:hr>110</gpxtpx:hr>
     </gpxtpx:TrackPointExtension>
    </extensions>
   </trkpt>
   <trkpt lat="36.4136572" lon="30.5089554">
    <ele>-0.0</ele>
    <time>2026-09-22T11:54:35Z</time>
    <extensions>
     <gpxtpx:TrackPointExtension>
      <gpxtpx:atemp>30</gpxtpx:atemp>
      <gpxtpx:hr>109</gpxtpx:hr>
     </gpxtpx:TrackPointExtension>
    </extensions>
   </trkpt>
   <trkpt lat="36.4136201" lon="30.5088299">
    <ele>0.0</ele>
    <time>2026-09-22T11:54:40Z</time>
    <extensions>
     <gpxtpx:TrackPointExtension>
      <gpxtpx:atemp>30</gpxtpx:atemp>
      <gpxtpx:hr>111</gpxtpx:hr>
     </gpxtpx:TrackPointExtension>
    </extensions>
   </trkpt>
   <trkpt lat="36.4135919" lon="30.5087313">
    <ele>-0.5</ele>
    <time>2026-09-22T11:54:44Z</time>
    <extensions>
     <gpxtpx:TrackPointExtension>
      <gpxtpx:atemp>30</gpxtpx:atemp>
      <gpxtpx:hr>109</gpxtpx:hr>
     </gpxtpx:TrackPointExtension>
    </extensions>
   </trkpt>
   <trkpt lat="36.4135584" lon="30.5086108">
    <ele>-0.3</ele>
    <time>2026-09-22T11:54:49Z</time>
    <extensions>
     <gpxtpx:TrackPointExtension>
      <gpxtpx:atemp>30</gpxtpx:atemp>
      <gpxtpx:hr>109</gpxtpx:hr>
     </gpxtpx:TrackPointExtension>
    </extensions>
   </trkpt>
   <trkpt lat="36.4135291" lon="30.5085094">
    <ele>0.0</ele>
    <time>2026-09-22T11:54:53Z</time>
    <extensions>
     <gpxtpx:TrackPointExtension>
      <gpxtpx:atemp>30</gpxtpx:atemp>
      <gpxtpx:hr>107</gpxtpx:hr>
     </gpxtpx:TrackPointExtension>
    </extensions>
   </trkpt>
   <trkpt lat="36.4135025" lon="30.5084083">
    <ele>0.6</ele>
    <time>2026-09-22T11:54:57Z</time>
    <extensions>
     <gpxtpx:TrackPointExtension>
      <gpxtpx:atemp>30</gpxtpx:atemp>
      <gpxtpx:hr>107</gpxtpx:hr>
     </gpxtpx:TrackPointExtension>
    </extensions>
   </trkpt>
   <trkpt lat="36.4134763" lon="30.5083048">
    <ele>0.2</ele>
    <time>2026-09-22T11:55:01Z</time>
    <extensions>
     <gpxtpx:TrackPointExtension>
      <gpxtpx:atemp>30</gpxtpx:atemp>
      <gpxtpx:hr>110</gpxtpx:hr>
     </gpxtpx:TrackPointExtension>
    </extensions>
   </trkpt>
   <trkpt lat="36.4134492" lon="30.5082304">
    <ele>-1.0</ele>
    <time>2026-09-22T11:55:04Z</time>
    <extensions>
     <gpxtpx:TrackPointExtension>
      <gpxtpx:atemp>30</gpxtpx:atemp>
      <gpxtpx:hr>107</gpxtpx:hr>
     </gpxtpx:TrackPointExtension>
    </extensions>
   </trkpt>
   <trkpt lat="36.4134090" lon="30.5080807">
    <ele>-1.0</ele>
    <time>2026-09-22T11:55:10Z</time>
    <extensions>
     <gpxtpx:TrackPointExtension>
      <gpxtpx:atemp>30</gpxtpx:atemp>
      <gpxtpx:hr>107</gpxtpx:hr>
     </gpxtpx:TrackPointExtension>
    </extensions>
   </trkpt>
   <trkpt lat="36.4133825" lon="30.5079852">
    <ele>-0.3</ele>
    <time>2026-09-22T11:55:14Z</time>
    <extensions>
     <gpxtpx:TrackPointExtension>
      <gpxtpx:atemp>30</gpxtpx:atemp>
      <gpxtpx:hr>107</gpxtpx:hr>
     </gpxtpx:TrackPointExtension>
    </extensions>
   </trkpt>
   <trkpt lat="36.4133552" lon="30.5078922">
    <ele>0.5</ele>
    <time>2026-09-22T11:55:18Z</time>
    <extensions>
     <gpxtpx:TrackPointExtension>
      <gpxtpx:atemp>30</gpxtpx:atemp>
      <gpxtpx:hr>108</gpxtpx:hr>
     </gpxtpx:TrackPointExtension>
    </extensions>
   </trkpt>
   <trkpt lat="36.4133252" lon="30.5077935">
    <ele>-0.7</ele>
    <time>2026-09-22T11:55:22Z</time>
    <extensions>
     <gpxtpx:TrackPointExtension>
      <gpxtpx:atemp>30</gpxtpx:atemp>
      <gpxtpx:hr>108</gpxtpx:hr>
     </gpxtpx:TrackPointExtension>
    </extensions>
   </trkpt>
   <trkpt lat="36.4132931" lon="30.5076713">
    <ele>-0.4</ele>
    <time>2026-09-22T11:55:27Z</time>
    <extensions>
     <gpxtpx:TrackPointExtension>
      <gpxtpx:atemp>30</gpxtpx:atemp>
      <gpxtpx:hr>107</gpxtpx:hr>
     </gpxtpx:TrackPointExtension>
    </extensions>
   </trkpt>
   <trkpt lat="36.4132542" lon="30.5075224">
    <ele>0.0</ele>
    <time>2026-09-22T11:55:33Z</time>
    <extensions>
     <gpxtpx:TrackPointExtension>
      <gpxtpx:atemp>30</gpxtpx:atemp>
      <gpxtpx:hr>106</gpxtpx:hr>
     </gpxtpx:TrackPointExtension>
    </extensions>
   </trkpt>
   <trkpt lat="36.4132196" lon="30.5073959">
    <ele>0.2</ele>
    <time>2026-09-22T11:55:38Z</time>
    <extensions>
     <gpxtpx:TrackPointExtension>
      <gpxtpx:atemp>30</gpxtpx:atemp>
      <gpxtpx:hr>106</gpxtpx:hr>
     </gpxtpx:TrackPointExtension>
    </extensions>
   </trkpt>
   <trkpt lat="36.4131882" lon="30.5072715">
    <ele>-0.5</ele>
    <time>2026-09-22T11:55:43Z</time>
    <extensions>
     <gpxtpx:TrackPointExtension>
      <gpxtpx:atemp>30</gpxtpx:atemp>
      <gpxtpx:hr>106</gpxtpx:hr>
     </gpxtpx:TrackPointExtension>
    </extensions>
   </trkpt>
   <trkpt lat="36.4131512" lon="30.5071448">
    <ele>0.5</ele>
    <time>2026-09-22T11:55:48Z</time>
    <extensions>
     <gpxtpx:TrackPointExtension>
      <gpxtpx:atemp>30</gpxtpx:atemp>
      <gpxtpx:hr>107</gpxtpx:hr>
     </gpxtpx:TrackPointExtension>
    </extensions>
   </trkpt>
   <trkpt lat="36.4131217" lon="30.5070441">
    <ele>-0.1</ele>
    <time>2026-09-22T11:55:52Z</time>
    <extensions>
     <gpxtpx:TrackPointExtension>
      <gpxtpx:atemp>30</gpxtpx:atemp>
      <gpxtpx:hr>106</gpxtpx:hr>
     </gpxtpx:TrackPointExtension>
    </extensions>
   </trkpt>
   <trkpt lat="36.4130790" lon="30.5068871">
    <ele>-0.2</ele>
    <time>2026-09-22T11:55:58Z</time>
    <extensions>
     <gpxtpx:TrackPointExtension>
      <gpxtpx:atemp>30</gpxtpx:atemp>
      <gpxtpx:hr>107</gpxtpx:hr>
     </gpxtpx:TrackPointExtension>
    </extensions>
   </trkpt>
   <trkpt lat="36.4130514" lon="30.5067820">
    <ele>0.7</ele>
    <time>2026-09-22T11:56:02Z</time>
    <extensions>
     <gpxtpx:TrackPointExtension>
      <gpxtpx:atemp>30</gpxtpx:atemp>
      <gpxtpx:hr>107</gpxtpx:hr>
     </gpxtpx:TrackPointExtension>
    </extensions>
   </trkpt>
   <trkpt lat="36.4130162" lon="30.5066508">
    <ele>-1.3</ele>
    <time>2026-09-22T11:56:07Z</time>
    <extensions>
     <gpxtpx:TrackPointExtension>
      <gpxtpx:atemp>30</gpxtpx:atemp>
      <gpxtpx:hr>106</gpxtpx:hr>
     </gpxtpx:TrackPointExtension>
    </extensions>
   </trkpt>
   <trkpt lat="36.4129776" lon="30.5065145">
    <ele>-0.0</ele>
    <time>2026-09-22T11:56:12Z</time>
    <extensions>
     <gpxtpx:TrackPointExtension>
      <gpxtpx:atemp>30</gpxtpx:atemp>
      <gpxtpx:hr>107</gpxtpx:hr>
     </gpxtpx:TrackPointExtension>
    </extensions>
   </trkpt>
   <trkpt lat="36.4129439" lon="30.5063826">
    <ele>0.7</ele>
    <time>2026-09-22T11:56:17Z</time>
    <extensions>
     <gpxtpx:TrackPointExtension>
      <gpxtpx:atemp>30</gpxtpx:atemp>
      <gpxtpx:hr>107</gpxtpx:hr>
     </gpxtpx:TrackPointExtension>
    </extensions>
   </trkpt>
   <trkpt lat="36.4129228" lon="30.5063040">
    <ele>-0.9</ele>
    <time>2026-09-22T11:56:20Z</time>
    <extensions>
     <gpxtpx:TrackPointExtension>
      <gpxtpx:atemp>30</gpxtpx:atemp>
      <gpxtpx:hr>104</gpxtpx:hr>
     </gpxtpx:TrackPointExtension>
    </extensions>
   </trkpt>
   <trkpt lat="36.4128747" lon="30.5061415">
    <ele>0.4</ele>
    <time>2026-09-22T11:56:26Z</time>
    <extensions>
     <gpxtpx:TrackPointExtension>
      <gpxtpx:atemp>30</gpxtpx:atemp>
      <gpxtpx:hr>106</gpxtpx:hr>
     </gpxtpx:TrackPointExtension>
    </extensions>
   </trkpt>
   <trkpt lat="36.4128445" lon="30.5060314">
    <ele>-0.5</ele>
    <time>2026-09-22T11:56:30Z</time>
    <extensions>
     <gpxtpx:TrackPointExtension>
      <gpxtpx:atemp>30</gpxtpx:atemp>
      <gpxtpx:hr>104</gpxtpx:hr>
     </gpxtpx:TrackPointExtension>
    </extensions>
   </trkpt>
   <trkpt lat="36.4128130" lon="30.5059253">
    <ele>-0.4</ele>
    <time>2026-09-22T11:56:34Z</time>
    <extensions>
     <gpxtpx:TrackPointExtension>
      <gpxtpx:atemp>30</gpxtpx:atemp>
      <gpxtpx:hr>106</gpxtpx:hr>
     </gpxtpx:TrackPointExtension>
    </extensions>
   </trkpt>
   <trkpt lat="36.4127886" lon="30.5058434">
    <ele>0.5</ele>
    <time>2026-09-22T11:56:37Z</time>
    <extensions>
     <gpxtpx:TrackPointExtension>
      <gpxtpx:atemp>30</gpxtpx:atemp>
      <gpxtpx:hr>108</gpxtpx:hr>
     </gpxtpx:TrackPointExtension>
    </extensions>
   </trkpt>
   <trkpt lat="36.4127491" lon="30.5057119">
    <ele>-0.8</ele>
    <time>2026-09-22T11:56:42Z</time>
    <extensions>
     <gpxtpx:TrackPointExtension>
      <gpxtpx:atemp>30</gpxtpx:atemp>
      <gpxtpx:hr>110</gpxtpx:hr>
     </gpxtpx:TrackPointExtension>
    </extensions>
   </trkpt>
   <trkpt lat="36.4127141" lon="30.5055761">
    <ele>0.5</ele>
    <time>2026-09-22T11:56:47Z</time>
    <extensions>
     <gpxtpx:TrackPointExtension>
      <gpxtpx:atemp>30</gpxtpx:atemp>
      <gpxtpx:hr>110</gpxtpx:hr>
     </gpxtpx:TrackPointExtension>
    </extensions>
   </trkpt>
   <trkpt lat="36.4126857" lon="30.5054679">
    <ele>0.5</ele>
    <time>2026-09-22T11:56:51Z</time>
    <extensions>
     <gpxtpx:TrackPointExtension>
      <gpxtpx:atemp>30</gpxtpx:atemp>
      <gpxtpx:hr>112</gpxtpx:hr>
     </gpxtpx:TrackPointExtension>
    </extensions>
   </trkpt>
   <trkpt lat="36.4126469" lon="30.5053343">
    <ele>-0.8</ele>
    <time>2026-09-22T11:56:56Z</time>
    <extensions>
     <gpxtpx:TrackPointExtension>
      <gpxtpx:atemp>30</gpxtpx:atemp>
      <gpxtpx:hr>109</gpxtpx:hr>
     </gpxtpx:TrackPointExtension>
    </extensions>
   </trkpt>
   <trkpt lat="36.4126065" lon="30.5051985">
    <ele>-0.7</ele>
    <time>2026-09-22T11:57:01Z</time>
    <extensions>
     <gpxtpx:TrackPointExtension>
      <gpxtpx:atemp>30</gpxtpx:atemp>
      <gpxtpx:hr>111</gpxtpx:hr>
     </gpxtpx:TrackPointExtension>
    </extensions>
   </trkpt>
   <trkpt lat="36.4125571" lon="30.5050280">
    <ele>0.5</ele>
    <time>2026-09-22T11:57:07Z</time>
    <extensions>
     <gpxtpx:TrackPointExtension>
      <gpxtpx:atemp>30</gpxtpx:atemp>
      <gpxtpx:hr>111</gpxtpx:hr>
     </gpxtpx:TrackPointExtension>
    </extensions>
   </trkpt>
   <trkpt lat="36.4125121" lon="30.5048897">
    <ele>-0.2</ele>
    <time>2026-09-22T11:57:12Z</time>
    <extensions>
     <gpxtpx:TrackPointExtension>
      <gpxtpx:atemp>30</gpxtpx:atemp>
      <gpxtpx:hr>111</gpxtpx:hr>
     </gpxtpx:TrackPointExtension>
    </extensions>
   </trkpt>
   <trkpt lat="36.4124807" lon="30.5047807">
    <ele>-0.3</ele>
    <time>2026-09-22T11:57:16Z</time>
    <extensions>
     <gpxtpx:TrackPointExtension>
      <gpxtpx:atemp>30</gpxtpx:atemp>
      <gpxtpx:hr>113</gpxtpx:hr>
     </gpxtpx:TrackPointExtension>
    </extensions>
   </trkpt>
   <trkpt lat="36.4124398" lon="30.5046405">
    <ele>-0.2</ele>
    <time>2026-09-22T11:57:21Z</time>
    <extensions>
     <gpxtpx:TrackPointExtension>
      <gpxtpx:atemp>30</gpxtpx:atemp>
      <gpxtpx:hr>111</gpxtpx:hr>
     </gpxtpx:TrackPointExtension>
    </extensions>
   </trkpt>
   <trkpt lat="36.4124016" lon="30.5045033">
    <ele>-0.6</ele>
    <time>2026-09-22T11:57:26Z</time>
    <extensions>
     <gpxtpx:TrackPointExtension>
      <gpxtpx:atemp>30</gpxtpx:atemp>
      <gpxtpx:hr>111</gpxtpx:hr>
     </gpxtpx:TrackPointExtension>
    </extensions>
   </trkpt>
   <trkpt lat="36.4123733" lon="30.5043958">
    <ele>-0.4</ele>
    <time>2026-09-22T11:57:30Z</time>
    <extensions>
     <gpxtpx:TrackPointExtension>
      <gpxtpx:atemp>30</gpxtpx:atemp>
      <gpxtpx:hr>110</gpxtpx:hr>
     </gpxtpx:TrackPointExtension>
    </extensions>
   </trkpt>
   <trkpt lat="36.4123462" lon="30.5042835">
    <ele>-0.8</ele>
    <time>2026-09-22T11:57:34Z</time>
    <extensions>
     <gpxtpx:TrackPointExtension>
      <gpxtpx:atemp>30</gpxtpx:atemp>
      <gpxtpx:hr>108</gpxtpx:hr>
     </gpxtpx:TrackPointExtension>
    </extensions>
   </trkpt>
   <trkpt lat="36.4123118" lon="30.5041789">
    <ele>0.7</ele>
    <time>2026-09-22T11:57:38Z</time>
    <extensions>
     <gpxtpx:TrackPointExtension>
      <gpxtpx:atemp>30</gpxtpx:atemp>
      <gpxtpx:hr>109</gpxtpx:hr>
     </gpxtpx:TrackPointExtension>
    </extensions>
   </trkpt>
   <trkpt lat="36.4122882" lon="30.5040941">
    <ele>-0.2</ele>
    <time>2026-09-22T11:57:41Z</time>
    <extensions>
     <gpxtpx:TrackPointExtension>
      <gpxtpx:atemp>30</gpxtpx:atemp>
      <gpxtpx:hr>108</gpxtpx:hr>
     </gpxtpx:TrackPointExtension>
    </extensions>
   </trkpt>
   <trkpt lat="36.4122507" lon="30.5039580">
    <ele>-0.0</ele>
    <time>2026-09-22T11:57:46Z</time>
    <extensions>
     <gpxtpx:TrackPointExtension>
      <gpxtpx:atemp>30</gpxtpx:atemp>
      <gpxtpx:hr>107</gpxtpx:hr>
     </gpxtpx:TrackPointExtension>
    </extensions>
   </trkpt>
   <trkpt lat="36.4122103" lon="30.5038209">
    <ele>-0.0</ele>
    <time>2026-09-22T11:57:51Z</time>
    <extensions>
     <gpxtpx:TrackPointExtension>
      <gpxtpx:atemp>30</gpxtpx:atemp>
      <gpxtpx:hr>107</gpxtpx:hr>
     </gpxtpx:TrackPointExtension>
    </extensions>
   </trkpt>
   <trkpt lat="36.4121788" lon="30.5037070">
    <ele>1.4</ele>
    <time>2026-09-22T11:57:55Z</time>
    <extensions>
     <gpxtpx:TrackPointExtension>
      <gpxtpx:atemp>30</gpxtpx:atemp>
      <gpxtpx:hr>108</gpxtpx:hr>
     </gpxtpx:TrackPointExtension>
    </extensions>
   </trkpt>
   <trkpt lat="36.4121374" lon="30.5035695">
    <ele>0.9</ele>
    <time>2026-09-22T11:58:00Z</time>
    <extensions>
     <gpxtpx:TrackPointExtension>
      <gpxtpx:atemp>30</gpxtpx:atemp>
      <gpxtpx:hr>110</gpxtpx:hr>
     </gpxtpx:TrackPointExtension>
    </extensions>
   </trkpt>
   <trkpt lat="36.4121062" lon="30.5034615">
    <ele>0.1</ele>
    <time>2026-09-22T11:58:04Z</time>
    <extensions>
     <gpxtpx:TrackPointExtension>
      <gpxtpx:atemp>30</gpxtpx:atemp>
      <gpxtpx:hr>110</gpxtpx:hr>
     </gpxtpx:TrackPointExtension>
    </extensions>
   </trkpt>
   <trkpt lat="36.4120678" lon="30.5033171">
    <ele>0.4</ele>
    <time>2026-09-22T11:58:09Z</time>
    <extensions>
     <gpxtpx:TrackPointExtension>
      <gpxtpx:atemp>30</gpxtpx:atemp>
      <gpxtpx:hr>110</gpxtpx:hr>
     </gpxtpx:TrackPointExtension>
    </extensions>
   </trkpt>
   <trkpt lat="36.4120247" lon="30.5031793">
    <ele>-0.8</ele>
    <time>2026-09-22T11:58:14Z</time>
    <extensions>
     <gpxtpx:TrackPointExtension>
      <gpxtpx:atemp>30</gpxtpx:atemp>
      <gpxtpx:hr>110</gpxtpx:hr>
     </gpxtpx:TrackPointExtension>
    </extensions>
   </trkpt>
   <trkpt lat="36.4119860" lon="30.5030449">
    <ele>0.6</ele>
    <time>2026-09-22T11:58:19Z</time>
    <extensions>
     <gpxtpx:TrackPointExtension>
      <gpxtpx:atemp>30</gpxtpx:atemp>
      <gpxtpx:hr>108</gpxtpx:hr>
     </gpxtpx:TrackPointExtension>
    </extensions>
   </trkpt>
   <trkpt lat="36.4119505" lon="30.5029152">
    <ele>0.4</ele>
    <time>2026-09-22T11:58:24Z</time>
    <extensions>
     <gpxtpx:TrackPointExtension>
      <gpxtpx:atemp>30</gpxtpx:atemp>
      <gpxtpx:hr>108</gpxtpx:hr>
     </gpxtpx:TrackPointExtension>
    </extensions>
   </trkpt>
   <trkpt lat="36.4119094" lon="30.5027815">
    <ele>0.9</ele>
    <time>2026-09-22T11:58:29Z</time>
    <extensions>
     <gpxtpx:TrackPointExtension>
      <gpxtpx:atemp>30</gpxtpx:atemp>
      <gpxtpx:hr>106</gpxtpx:hr>
     </gpxtpx:TrackPointExtension>
    </extensions>
   </trkpt>
   <trkpt lat="36.4118642" lon="30.5026206">
    <ele>1.2</ele>
    <time>2026-09-22T11:58:35Z</time>
    <extensions>
     <gpxtpx:TrackPointExtension>
      <gpxtpx:atemp>30</gpxtpx:atemp>
      <gpxtpx:hr>105</gpxtpx:hr>
     </gpxtpx:TrackPointExtension>
    </extensions>
   </trkpt>
   <trkpt lat="36.4118333" lon="30.5025128">
    <ele>0.5</ele>
    <time>2026-09-22T11:58:39Z</time>
    <extensions>
     <gpxtpx:TrackPointExtension>
      <gpxtpx:atemp>30</gpxtpx:atemp>
      <gpxtpx:hr>105</gpxtpx:hr>
     </gpxtpx:TrackPointExtension>
    </extensions>
   </trkpt>
   <trkpt lat="36.4118118" lon="30.5024310">
    <ele>-0.1</ele>
    <time>2026-09-22T11:58:42Z</time>
    <extensions>
     <gpxtpx:TrackPointExtension>
      <gpxtpx:atemp>30</gpxtpx:atemp>
      <gpxtpx:hr>104</gpxtpx:hr>
     </gpxtpx:TrackPointExtension>
    </extensions>
   </trkpt>
   <trkpt lat="36.4117746" lon="30.5023008">
    <ele>0.2</ele>
    <time>2026-09-22T11:58:47Z</time>
    <extensions>
     <gpxtpx:TrackPointExtension>
      <gpxtpx:atemp>30</gpxtpx:atemp>
      <gpxtpx:hr>104</gpxtpx:hr>
     </gpxtpx:TrackPointExtension>
    </extensions>
   </trkpt>
   <trkpt lat="36.4117494" lon="30.5022246">
    <ele>-0.5</ele>
    <time>2026-09-22T11:58:50Z</time>
    <extensions>
     <gpxtpx:TrackPointExtension>
      <gpxtpx:atemp>30</gpxtpx:atemp>
      <gpxtpx:hr>104</gpxtpx:hr>
     </gpxtpx:TrackPointExtension>
    </extensions>
   </trkpt>
   <trkpt lat="36.4117299" lon="30.5021397">
    <ele>-0.4</ele>
    <time>2026-09-22T11:58:53Z</time>
    <extensions>
     <gpxtpx:TrackPointExtension>
      <gpxtpx:atemp>30</gpxtpx:atemp>
      <gpxtpx:hr>104</gpxtpx:hr>
     </gpxtpx:TrackPointExtension>
    </extensions>
   </trkpt>
   <trkpt lat="36.4117022" lon="30.5020365">
    <ele>0.4</ele>
    <time>2026-09-22T11:58:57Z</time>
    <extensions>
     <gpxtpx:TrackPointExtension>
      <gpxtpx:atemp>30</gpxtpx:atemp>
      <gpxtpx:hr>104</gpxtpx:hr>
     </gpxtpx:TrackPointExtension>
    </extensions>
   </trkpt>
   <trkpt lat="36.4116642" lon="30.5019110">
    <ele>-0.1</ele>
    <time>2026-09-22T11:59:02Z</time>
    <extensions>
     <gpxtpx:TrackPointExtension>
      <gpxtpx:atemp>30</gpxtpx:atemp>
      <gpxtpx:hr>103</gpxtpx:hr>
     </gpxtpx:TrackPointExtension>
    </extensions>
   </trkpt>
   <trkpt lat="36.4116402" lon="30.5018285">
    <ele>0.6</ele>
    <time>2026-09-22T11:59:05Z</time>
    <extensions>
     <gpxtpx:TrackPointExtension>
      <gpxtpx:atemp>30</gpxtpx:atemp>
      <gpxtpx:hr>104</gpxtpx:hr>
     </gpxtpx:TrackPointExtension>
    </extensions>
   </trkpt>
   <trkpt lat="36.4116192" lon="30.5017512">
    <ele>-0.7</ele>
    <time>2026-09-22T11:59:08Z</time>
    <extensions>
     <gpxtpx:TrackPointExtension>
      <gpxtpx:atemp>30</gpxtpx:atemp>
      <gpxtpx:hr>104</gpxtpx:hr>
     </gpxtpx:TrackPointExtension>
    </extensions>
   </trkpt>
   <trkpt lat="36.4115914" lon="30.5016430">
    <ele>0.2</ele>
    <time>2026-09-22T11:59:12Z</time>
    <extensions>
     <gpxtpx:TrackPointExtension>
      <gpxtpx:atemp>30</gpxtpx:atemp>
      <gpxtpx:hr>102</gpxtpx:hr>
     </gpxtpx:TrackPointExtension>
    </extensions>
   </trkpt>
   <trkpt lat="36.4115540" lon="30.5015152">
    <ele>0.7</ele>
    <time>2026-09-22T11:59:17Z</time>
    <extensions>
     <gpxtpx:TrackPointExtension>
      <gpxtpx:atemp>30</gpxtpx:atemp>
      <gpxtpx:hr>102</gpxtpx:hr>
     </gpxtpx:TrackPointExtension>
    </extensions>
   </trkpt>
   <trkpt lat="36.4115110" lon="30.5013559">
    <ele>0.1</ele>
    <time>2026-09-22T11:59:23Z</time>
    <extensions>
     <gpxtpx:TrackPointExtension>
      <gpxtpx:atemp>30</gpxtpx:atemp>
      <gpxtpx:hr>102</gpxtpx:hr>
     </gpxtpx:TrackPointExtension>
    </extensions>
   </trkpt>
   <trkpt lat="36.4114630" lon="30.5011966">
    <ele>0.7</ele>
    <time>2026-09-22T11:59:29Z</time>
    <extensions>
     <gpxtpx:TrackPointExtension>
      <gpxtpx:atemp>30</gpxtpx:atemp>
      <gpxtpx:hr>101</gpxtpx:hr>
     </gpxtpx:TrackPointExtension>
    </extensions>
   </trkpt>
   <trkpt lat="36.4114242" lon="30.5010605">
    <ele>-0.2</ele>
    <time>2026-09-22T11:59:34Z</time>
    <extensions>
     <gpxtpx:TrackPointExtension>
      <gpxtpx:atemp>30</gpxtpx:atemp>
      <gpxtpx:hr>102</gpxtpx:hr>
     </gpxtpx:TrackPointExtension>
    </extensions>
   </trkpt>
   <trkpt lat="36.4114010" lon="30.5009769">
    <ele>-0.0</ele>
    <time>2026-09-22T11:59:37Z</time>
    <extensions>
     <gpxtpx:TrackPointExtension>
      <gpxtpx:atemp>30</gpxtpx:atemp>
      <gpxtpx:hr>101</gpxtpx:hr>
     </gpxtpx:TrackPointExtension>
    </extensions>
   </trkpt>
   <trkpt lat="36.4113547" lon="30.5008104">
    <ele>-1.2</ele>
    <time>2026-09-22T11:59:43Z</time>
    <extensions>
     <gpxtpx:TrackPointExtension>
      <gpxtpx:atemp>30</gpxtpx:atemp>
      <gpxtpx:hr>102</gpxtpx:hr>
     </gpxtpx:TrackPointExtension>
    </extensions>
   </trkpt>
   <trkpt lat="36.4113067" lon="30.5006466">
    <ele>-0.2</ele>
    <time>2026-09-22T11:59:49Z</time>
    <extensions>
     <gpxtpx:TrackPointExtension>
      <gpxtpx:atemp>30</gpxtpx:atemp>
      <gpxtpx:hr>100</gpxtpx:hr>
     </gpxtpx:TrackPointExtension>
    </extensions>
   </trkpt>
   <trkpt lat="36.4112760" lon="30.5005342">
    <ele>-0.4</ele>
    <time>2026-09-22T11:59:53Z</time>
    <extensions>
     <gpxtpx:TrackPointExtension>
      <gpxtpx:atemp>30</gpxtpx:atemp>
      <gpxtpx:hr>99</gpxtpx:hr>
     </gpxtpx:TrackPointExtension>
    </extensions>
   </trkpt>
   <trkpt lat="36.4112452" lon="30.5004240">
    <ele>0.6</ele>
    <time>2026-09-22T11:59:57Z</time>
    <extensions>
     <gpxtpx:TrackPointExtension>
      <gpxtpx:atemp>30</gpxtpx:atemp>
      <gpxtpx:hr>99</gpxtpx:hr>
     </gpxtpx:TrackPointExtension>
    </extensions>
   </trkpt>
   <trkpt lat="36.4112073" lon="30.5002800">
    <ele>0.3</ele>
    <time>2026-09-22T12:00:02Z</time>
    <extensions>
     <gpxtpx:TrackPointExtension>
      <gpxtpx:atemp>30</gpxtpx:atemp>
      <gpxtpx:hr>99</gpxtpx:hr>
     </gpxtpx:TrackPointExtension>
    </extensions>
   </trkpt>
   <trkpt lat="36.4111835" lon="30.5002009">
    <ele>0.1</ele>
    <time>2026-09-22T12:00:05Z</time>
    <extensions>
     <gpxtpx:TrackPointExtension>
      <gpxtpx:atemp>30</gpxtpx:atemp>
      <gpxtpx:hr>97</gpxtpx:hr>
     </gpxtpx:TrackPointExtension>
    </extensions>
   </trkpt>
   <trkpt lat="36.4111446" lon="30.5000609">
    <ele>1.4</ele>
    <time>2026-09-22T12:00:10Z</time>
    <extensions>
     <gpxtpx:TrackPointExtension>
      <gpxtpx:atemp>30</gpxtpx:atemp>
      <gpxtpx:hr>100</gpxtpx:hr>
     </gpxtpx:TrackPointExtension>
    </extensions>
   </trkpt>
   <trkpt lat="36.4111124" lon="30.4999480">
    <ele>0.1</ele>
    <time>2026-09-22T12:00:14Z</time>
    <extensions>
     <gpxtpx:TrackPointExtension>
      <gpxtpx:atemp>30</gpxtpx:atemp>
      <gpxtpx:hr>101</gpxtpx:hr>
     </gpxtpx:TrackPointExtension>
    </extensions>
   </trkpt>
   <trkpt lat="36.4110718" lon="30.4998070">
    <ele>-0.3</ele>
    <time>2026-09-22T12:00:19Z</time>
    <extensions>
     <gpxtpx:TrackPointExtension>
      <gpxtpx:atemp>30</gpxtpx:atemp>
      <gpxtpx:hr>102</gpxtpx:hr>
     </gpxtpx:TrackPointExtension>
    </extensions>
   </trkpt>
   <trkpt lat="36.4110453" lon="30.4997192">
    <ele>0.4</ele>
    <time>2026-09-22T12:00:22Z</time>
    <extensions>
     <gpxtpx:TrackPointExtension>
      <gpxtpx:atemp>30</gpxtpx:atemp>
      <gpxtpx:hr>104</gpxtpx:hr>
     </gpxtpx:TrackPointExtension>
    </extensions>
   </trkpt>
   <trkpt lat="36.4110080" lon="30.4995826">
    <ele>1.1</ele>
    <time>2026-09-22T12:00:27Z</time>
    <extensions>
     <gpxtpx:TrackPointExtension>
      <gpxtpx:atemp>30</gpxtpx:atemp>
      <gpxtpx:hr>105</gpxtpx:hr>
     </gpxtpx:TrackPointExtension>
    </extensions>
   </trkpt>
   <trkpt lat="36.4109727" lon="30.4994700">
    <ele>0.6</ele>
    <time>2026-09-22T12:00:31Z</time>
    <extensions>
     <gpxtpx:TrackPointExtension>
      <gpxtpx:atemp>29</gpxtpx:atemp>
      <gpxtpx:hr>107</gpxtpx:hr>
     </gpxtpx:TrackPointExtension>
    </extensions>
   </trkpt>
   <trkpt lat="36.4109318" lon="30.4993333">
    <ele>0.2</ele>
    <time>2026-09-22T12:00:36Z</time>
    <extensions>
     <gpxtpx:TrackPointExtension>
      <gpxtpx:atemp>29</gpxtpx:atemp>
      <gpxtpx:hr>107</gpxtpx:hr>
     </gpxtpx:TrackPointExtension>
    </extensions>
   </trkpt>
   <trkpt lat="36.4108846" lon="30.4991655">
    <ele>0.9</ele>
    <time>2026-09-22T12:00:42Z</time>
    <extensions>
     <gpxtpx:TrackPointExtension>
      <gpxtpx:atemp>29</gpxtpx:atemp>
      <gpxtpx:hr>107</gpxtpx:hr>
     </gpxtpx:TrackPointExtension>
    </extensions>
   </trkpt>
   <trkpt lat="36.4108504" lon="30.4990519">
    <ele>-0.7</ele>
    <time>2026-09-22T12:00:46Z</time>
    <extensions>
     <gpxtpx:TrackPointExtension>
      <gpxtpx:atemp>29</gpxtpx:atemp>
      <gpxtpx:hr>110</gpxtpx:hr>
     </gpxtpx:TrackPointExtension>
    </extensions>
   </trkpt>
   <trkpt lat="36.4108086" lon="30.4989112">
    <ele>0.1</ele>
    <time>2026-09-22T12:00:51Z</time>
    <extensions>
     <gpxtpx:TrackPointExtension>
      <gpxtpx:atemp>29</gpxtpx:atemp>
      <gpxtpx:hr>111</gpxtpx:hr>
     </gpxtpx:TrackPointExtension>
    </extensions>
   </trkpt>
   <trkpt lat="36.4107685" lon="30.4987589">
    <ele>0.1</ele>
    <time>2026-09-22T12:00:56Z</time>
    <extensions>
     <gpxtpx:TrackPointExtension>
      <gpxtpx:atemp>29</gpxtpx:atemp>
      <gpxtpx:hr>111</gpxtpx:hr>
     </gpxtpx:TrackPointExtension>
    </extensions>
   </trkpt>
   <trkpt lat="36.4107274" lon="30.4986111">
    <ele>-0.4</ele>
    <time>2026-09-22T12:01:01Z</time>
    <extensions>
     <gpxtpx:TrackPointExtension>
      <gpxtpx:atemp>29</gpxtpx:atemp>
      <gpxtpx:hr>110</gpxtpx:hr>
     </gpxtpx:TrackPointExtension>
    </extensions>
   </trkpt>
   <trkpt lat="36.4106851" lon="30.4984592">
    <ele>0.2</ele>
    <time>2026-09-22T12:01:06Z</time>
    <extensions>
     <gpxtpx:TrackPointExtension>
      <gpxtpx:atemp>29</gpxtpx:atemp>
      <gpxtpx:hr>109</gpxtpx:hr>
     </gpxtpx:TrackPointExtension>
    </extensions>
   </trkpt>
   <trkpt lat="36.4106546" lon="30.4983449">
    <ele>0.6</ele>
    <time>2026-09-22T12:01:10Z</time>
    <extensions>
     <gpxtpx:TrackPointExtension>
      <gpxtpx:atemp>29</gpxtpx:atemp>
      <gpxtpx:hr>105</gpxtpx:hr>
     </gpxtpx:TrackPointExtension>
    </extensions>
   </trkpt>
   <trkpt lat="36.4106127" lon="30.4981989">
    <ele>-0.7</ele>
    <time>2026-09-22T12:01:15Z</time>
    <extensions>
     <gpxtpx:TrackPointExtension>
      <gpxtpx:atemp>29</gpxtpx:atemp>
      <gpxtpx:hr>109</gpxtpx:hr>
     </gpxtpx:TrackPointExtension>
    </extensions>
   </trkpt>
   <trkpt lat="36.4105718" lon="30.4980533">
    <ele>0.5</ele>
    <time>2026-09-22T12:01:20Z</time>
    <extensions>
     <gpxtpx:TrackPointExtension>
      <gpxtpx:atemp>29</gpxtpx:atemp>
      <gpxtpx:hr>108</gpxtpx:hr>
     </gpxtpx:TrackPointExtension>
    </extensions>
   </trkpt>
   <trkpt lat="36.4105189" lon="30.4978783">
    <ele>-0.1</ele>
    <time>2026-09-22T12:01:26Z</time>
    <extensions>
     <gpxtpx:TrackPointExtension>
      <gpxtpx:atemp>29</gpxtpx:atemp>
      <gpxtpx:hr>109</gpxtpx:hr>
     </gpxtpx:TrackPointExtension>
    </extensions>
   </trkpt>
   <trkpt lat="36.4104709" lon="30.4977068">
    <ele>0.7</ele>
    <time>2026-09-22T12:01:32Z</time>
    <extensions>
     <gpxtpx:TrackPointExtension>
      <gpxtpx:atemp>29</gpxtpx:atemp>
      <gpxtpx:hr>108</gpxtpx:hr>
     </gpxtpx:TrackPointExtension>
    </extensions>
   </trkpt>
   <trkpt lat="36.4104367" lon="30.4975893">
    <ele>0.1</ele>
    <time>2026-09-22T12:01:36Z</time>
    <extensions>
     <gpxtpx:TrackPointExtension>
      <gpxtpx:atemp>29</gpxtpx:atemp>
      <gpxtpx:hr>109</gpxtpx:hr>
     </gpxtpx:TrackPointExtension>
    </extensions>
   </trkpt>
   <trkpt lat="36.4103838" lon="30.4974165">
    <ele>-0.0</ele>
    <time>2026-09-22T12:01:42Z</time>
    <extensions>
     <gpxtpx:TrackPointExtension>
      <gpxtpx:atemp>29</gpxtpx:atemp>
      <gpxtpx:hr>111</gpxtpx:hr>
     </gpxtpx:TrackPointExtension>
    </extensions>
   </trkpt>
   <trkpt lat="36.4103330" lon="30.4972445">
    <ele>-0.7</ele>
    <time>2026-09-22T12:01:48Z</time>
    <extensions>
     <gpxtpx:TrackPointExtension>
      <gpxtpx:atemp>29</gpxtpx:atemp>
      <gpxtpx:hr>110</gpxtpx:hr>
     </gpxtpx:TrackPointExtension>
    </extensions>
   </trkpt>
   <trkpt lat="36.4102969" lon="30.4971021">
    <ele>-1.0</ele>
    <time>2026-09-22T12:01:53Z</time>
    <extensions>
     <gpxtpx:TrackPointExtension>
      <gpxtpx:atemp>29</gpxtpx:atemp>
      <gpxtpx:hr>109</gpxtpx:hr>
     </gpxtpx:TrackPointExtension>
    </extensions>
   </trkpt>
   <trkpt lat="36.4102741" lon="30.4970129">
    <ele>0.0</ele>
    <time>2026-09-22T12:01:56Z</time>
    <extensions>
     <gpxtpx:TrackPointExtension>
      <gpxtpx:atemp>29</gpxtpx:atemp>
      <gpxtpx:hr>107</gpxtpx:hr>
     </gpxtpx:TrackPointExtension>
    </extensions>
   </trkpt>
   <trkpt lat="36.4102321" lon="30.4968674">
    <ele>0.6</ele>
    <time>2026-09-22T12:02:01Z</time>
    <extensions>
     <gpxtpx:TrackPointExtension>
      <gpxtpx:atemp>29</gpxtpx:atemp>
      <gpxtpx:hr>104</gpxtpx:hr>
     </gpxtpx:TrackPointExtension>
    </extensions>
   </trkpt>
   <trkpt lat="36.4101927" lon="30.4967212">
    <ele>-0.4</ele>
    <time>2026-09-22T12:02:06Z</time>
    <extensions>
     <gpxtpx:TrackPointExtension>
      <gpxtpx:atemp>29</gpxtpx:atemp>
      <gpxtpx:hr>105</gpxtpx:hr>
     </gpxtpx:TrackPointExtension>
    </extensions>
   </trkpt>
   <trkpt lat="36.4100860" lon="30.4963521">
    <ele>-0.3</ele>
    <time>2026-09-22T12:02:19Z</time>
    <extensions>
     <gpxtpx:TrackPointExtension>
      <gpxtpx:atemp>29</gpxtpx:atemp>
      <gpxtpx:hr>105</gpxtpx:hr>
     </gpxtpx:TrackPointExtension>
    </extensions>
   </trkpt>
   <trkpt lat="36.4100457" lon="30.4962153">
    <ele>-0.0</ele>
    <time>2026-09-22T12:02:24Z</time>
    <extensions>
     <gpxtpx:TrackPointExtension>
      <gpxtpx:atemp>29</gpxtpx:atemp>
      <gpxtpx:hr>104</gpxtpx:hr>
     </gpxtpx:TrackPointExtension>
    </extensions>
   </trkpt>
   <trkpt lat="36.4100125" lon="30.4961018">
    <ele>1.2</ele>
    <time>2026-09-22T12:02:28Z</time>
    <extensions>
     <gpxtpx:TrackPointExtension>
      <gpxtpx:atemp>29</gpxtpx:atemp>
      <gpxtpx:hr>105</gpxtpx:hr>
     </gpxtpx:TrackPointExtension>
    </extensions>
   </trkpt>
   <trkpt lat="36.4099653" lon="30.4959327">
    <ele>-0.2</ele>
    <time>2026-09-22T12:02:34Z</time>
    <extensions>
     <gpxtpx:TrackPointExtension>
      <gpxtpx:atemp>29</gpxtpx:atemp>
      <gpxtpx:hr>106</gpxtpx:hr>
     </gpxtpx:TrackPointExtension>
    </extensions>
   </trkpt>
   <trkpt lat="36.4099154" lon="30.4957608">
    <ele>-0.1</ele>
    <time>2026-09-22T12:02:40Z</time>
    <extensions>
     <gpxtpx:TrackPointExtension>
      <gpxtpx:atemp>29</gpxtpx:atemp>
      <gpxtpx:hr>107</gpxtpx:hr>
     </gpxtpx:TrackPointExtension>
    </extensions>
   </trkpt>
   <trkpt lat="36.4098839" lon="30.4956460">
    <ele>-0.3</ele>
    <time>2026-09-22T12:02:44Z</time>
    <extensions>
     <gpxtpx:TrackPointExtension>
      <gpxtpx:atemp>29</gpxtpx:atemp>
      <gpxtpx:hr>107</gpxtpx:hr>
     </gpxtpx:TrackPointExtension>
    </extensions>
   </trkpt>
   <trkpt lat="36.4098592" lon="30.4955612">
    <ele>0.4</ele>
    <time>2026-09-22T12:02:47Z</time>
    <extensions>
     <gpxtpx:TrackPointExtension>
      <gpxtpx:atemp>29</gpxtpx:atemp>
      <gpxtpx:hr>108</gpxtpx:hr>
     </gpxtpx:TrackPointExtension>
    </extensions>
   </trkpt>
   <trkpt lat="36.4098182" lon="30.4954218">
    <ele>0.5</ele>
    <time>2026-09-22T12:02:52Z</time>
    <extensions>
     <gpxtpx:TrackPointExtension>
      <gpxtpx:atemp>29</gpxtpx:atemp>
      <gpxtpx:hr>109</gpxtpx:hr>
     </gpxtpx:TrackPointExtension>
    </extensions>
   </trkpt>
   <trkpt lat="36.4097852" lon="30.4953093">
    <ele>0.0</ele>
    <time>2026-09-22T12:02:56Z</time>
    <extensions>
     <gpxtpx:TrackPointExtension>
      <gpxtpx:atemp>29</gpxtpx:atemp>
      <gpxtpx:hr>110</gpxtpx:hr>
     </gpxtpx:TrackPointExtension>
    </extensions>
   </trkpt>
   <trkpt lat="36.4097463" lon="30.4951607">
    <ele>-0.8</ele>
    <time>2026-09-22T12:03:01Z</time>
    <extensions>
     <gpxtpx:TrackPointExtension>
      <gpxtpx:atemp>29</gpxtpx:atemp>
      <gpxtpx:hr>108</gpxtpx:hr>
     </gpxtpx:TrackPointExtension>
    </extensions>
   </trkpt>
   <trkpt lat="36.4097190" lon="30.4950693">
    <ele>-0.8</ele>
    <time>2026-09-22T12:03:04Z</time>
    <extensions>
     <gpxtpx:TrackPointExtension>
      <gpxtpx:atemp>30</gpxtpx:atemp>
      <gpxtpx:hr>108</gpxtpx:hr>
     </gpxtpx:TrackPointExtension>
    </extensions>
   </trkpt>
   <trkpt lat="36.4096904" lon="30.4949590">
    <ele>0.5</ele>
    <time>2026-09-22T12:03:08Z</time>
    <extensions>
     <gpxtpx:TrackPointExtension>
      <gpxtpx:atemp>30</gpxtpx:atemp>
      <gpxtpx:hr>110</gpxtpx:hr>
     </gpxtpx:TrackPointExtension>
    </extensions>
   </trkpt>
   <trkpt lat="36.4096478" lon="30.4948150">
    <ele>0.0</ele>
    <time>2026-09-22T12:03:13Z</time>
    <extensions>
     <gpxtpx:TrackPointExtension>
      <gpxtpx:atemp>30</gpxtpx:atemp>
      <gpxtpx:hr>108</gpxtpx:hr>
     </gpxtpx:TrackPointExtension>
    </extensions>
   </trkpt>
   <trkpt lat="36.4096035" lon="30.4946699">
    <ele>0.1</ele>
    <time>2026-09-22T12:03:18Z</time>
    <extensions>
     <gpxtpx:TrackPointExtension>
      <gpxtpx:atemp>30</gpxtpx:atemp>
      <gpxtpx:hr>109</gpxtpx:hr>
     </gpxtpx:TrackPointExtension>
    </extensions>
   </trkpt>
   <trkpt lat="36.4095742" lon="30.4945804">
    <ele>-1.1</ele>
    <time>2026-09-22T12:03:21Z</time>
    <extensions>
     <gpxtpx:TrackPointExtension>
      <gpxtpx:atemp>30</gpxtpx:atemp>
      <gpxtpx:hr>111</gpxtpx:hr>
     </gpxtpx:TrackPointExtension>
    </extensions>
   </trkpt>
   <trkpt lat="36.4095427" lon="30.4944620">
    <ele>-0.9</ele>
    <time>2026-09-22T12:03:25Z</time>
    <extensions>
     <gpxtpx:TrackPointExtension>
      <gpxtpx:atemp>30</gpxtpx:atemp>
      <gpxtpx:hr>112</gpxtpx:hr>
     </gpxtpx:TrackPointExtension>
    </extensions>
   </trkpt>
   <trkpt lat="36.4094910" lon="30.4942853">
    <ele>-0.1</ele>
    <time>2026-09-22T12:03:31Z</time>
    <extensions>
     <gpxtpx:TrackPointExtension>
      <gpxtpx:atemp>30</gpxtpx:atemp>
      <gpxtpx:hr>111</gpxtpx:hr>
     </gpxtpx:TrackPointExtension>
    </extensions>
   </trkpt>
   <trkpt lat="36.4094481" lon="30.4941393">
    <ele>-1.4</ele>
    <time>2026-09-22T12:03:36Z</time>
    <extensions>
     <gpxtpx:TrackPointExtension>
      <gpxtpx:atemp>30</gpxtpx:atemp>
      <gpxtpx:hr>113</gpxtpx:hr>
     </gpxtpx:TrackPointExtension>
    </extensions>
   </trkpt>
   <trkpt lat="36.4094032" lon="30.4939930">
    <ele>-1.4</ele>
    <time>2026-09-22T12:03:41Z</time>
    <extensions>
     <gpxtpx:TrackPointExtension>
      <gpxtpx:atemp>30</gpxtpx:atemp>
      <gpxtpx:hr>114</gpxtpx:hr>
     </gpxtpx:TrackPointExtension>
    </extensions>
   </trkpt>
   <trkpt lat="36.4093704" lon="30.4938695">
    <ele>-1.1</ele>
    <time>2026-09-22T12:03:45Z</time>
    <extensions>
     <gpxtpx:TrackPointExtension>
      <gpxtpx:atemp>30</gpxtpx:atemp>
      <gpxtpx:hr>114</gpxtpx:hr>
     </gpxtpx:TrackPointExtension>
    </extensions>
   </trkpt>
   <trkpt lat="36.4093364" lon="30.4937559">
    <ele>-0.8</ele>
    <time>2026-09-22T12:03:49Z</time>
    <extensions>
     <gpxtpx:TrackPointExtension>
      <gpxtpx:atemp>30</gpxtpx:atemp>
      <gpxtpx:hr>115</gpxtpx:hr>
     </gpxtpx:TrackPointExtension>
    </extensions>
   </trkpt>
   <trkpt lat="36.4093013" lon="30.4936363">
    <ele>-0.2</ele>
    <time>2026-09-22T12:03:53Z</time>
    <extensions>
     <gpxtpx:TrackPointExtension>
      <gpxtpx:atemp>30</gpxtpx:atemp>
      <gpxtpx:hr>113</gpxtpx:hr>
     </gpxtpx:TrackPointExtension>
    </extensions>
   </trkpt>
   <trkpt lat="36.4092706" lon="30.4935167">
    <ele>0.2</ele>
    <time>2026-09-22T12:03:57Z</time>
    <extensions>
     <gpxtpx:TrackPointExtension>
      <gpxtpx:atemp>29</gpxtpx:atemp>
      <gpxtpx:hr>113</gpxtpx:hr>
     </gpxtpx:TrackPointExtension>
    </extensions>
   </trkpt>
   <trkpt lat="36.4092421" lon="30.4934308">
    <ele>-0.5</ele>
    <time>2026-09-22T12:04:00Z</time>
    <extensions>
     <gpxtpx:TrackPointExtension>
      <gpxtpx:atemp>29</gpxtpx:atemp>
      <gpxtpx:hr>113</gpxtpx:hr>
     </gpxtpx:TrackPointExtension>
    </extensions>
   </trkpt>
   <trkpt lat="36.4092086" lon="30.4933130">
    <ele>0.1</ele>
    <time>2026-09-22T12:04:04Z</time>
    <extensions>
     <gpxtpx:TrackPointExtension>
      <gpxtpx:atemp>29</gpxtpx:atemp>
      <gpxtpx:hr>112</gpxtpx:hr>
     </gpxtpx:TrackPointExtension>
    </extensions>
   </trkpt>
   <trkpt lat="36.4091562" lon="30.4931429">
    <ele>1.2</ele>
    <time>2026-09-22T12:04:10Z</time>
    <extensions>
     <gpxtpx:TrackPointExtension>
      <gpxtpx:atemp>29</gpxtpx:atemp>
      <gpxtpx:hr>112</gpxtpx:hr>
     </gpxtpx:TrackPointExtension>
    </extensions>
   </trkpt>
   <trkpt lat="36.4091062" lon="30.4929814">
    <ele>-0.3</ele>
    <time>2026-09-22T12:04:16Z</time>
    <extensions>
     <gpxtpx:TrackPointExtension>
      <gpxtpx:atemp>29</gpxtpx:atemp>
      <gpxtpx:hr>112</gpxtpx:hr>
     </gpxtpx:TrackPointExtension>
    </extensions>
   </trkpt>
   <trkpt lat="36.4090765" lon="30.4928721">
    <ele>-0.4</ele>
    <time>2026-09-22T12:04:20Z</time>
    <extensions>
     <gpxtpx:TrackPointExtension>
      <gpxtpx:atemp>29</gpxtpx:atemp>
      <gpxtpx:hr>110</gpxtpx:hr>
     </gpxtpx:TrackPointExtension>
    </extensions>
   </trkpt>
   <trkpt lat="36.4090324" lon="30.4927368">
    <ele>-1.8</ele>
    <time>2026-09-22T12:04:25Z</time>
    <extensions>
     <gpxtpx:TrackPointExtension>
      <gpxtpx:atemp>29</gpxtpx:atemp>
      <gpxtpx:hr>109</gpxtpx:hr>
     </gpxtpx:TrackPointExtension>
    </extensions>
   </trkpt>
   <trkpt lat="36.4090049" lon="30.4926270">
    <ele>0.5</ele>
    <time>2026-09-22T12:04:29Z</time>
    <extensions>
     <gpxtpx:TrackPointExtension>
      <gpxtpx:atemp>29</gpxtpx:atemp>
      <gpxtpx:hr>108</gpxtpx:hr>
     </gpxtpx:TrackPointExtension>
    </extensions>
   </trkpt>
   <trkpt lat="36.4089641" lon="30.4924812">
    <ele>0.1</ele>
    <time>2026-09-22T12:04:34Z</time>
    <extensions>
     <gpxtpx:TrackPointExtension>
      <gpxtpx:atemp>29</gpxtpx:atemp>
      <gpxtpx:hr>107</gpxtpx:hr>
     </gpxtpx:TrackPointExtension>
    </extensions>
   </trkpt>
   <trkpt lat="36.4089170" lon="30.4923104">
    <ele>-0.0</ele>
    <time>2026-09-22T12:04:40Z</time>
    <extensions>
     <gpxtpx:TrackPointExtension>
      <gpxtpx:atemp>29</gpxtpx:atemp>
      <gpxtpx:hr>106</gpxtpx:hr>
     </gpxtpx:TrackPointExtension>
    </extensions>
   </trkpt>
   <trkpt lat="36.4088683" lon="30.4921301">
    <ele>-0.1</ele>
    <time>2026-09-22T12:04:46Z</time>
    <extensions>
     <gpxtpx:TrackPointExtension>
      <gpxtpx:atemp>29</gpxtpx:atemp>
      <gpxtpx:hr>105</gpxtpx:hr>
     </gpxtpx:TrackPointExtension>
    </extensions>
   </trkpt>
   <trkpt lat="36.4088244" lon="30.4919870">
    <ele>-0.7</ele>
    <time>2026-09-22T12:04:51Z</time>
    <extensions>
     <gpxtpx:TrackPointExtension>
      <gpxtpx:atemp>29</gpxtpx:atemp>
      <gpxtpx:hr>106</gpxtpx:hr>
     </gpxtpx:TrackPointExtension>
    </extensions>
   </trkpt>
   <trkpt lat="36.4087745" lon="30.4918174">
    <ele>-0.3</ele>
    <time>2026-09-22T12:04:57Z</time>
    <extensions>
     <gpxtpx:TrackPointExtension>
      <gpxtpx:atemp>29</gpxtpx:atemp>
      <gpxtpx:hr>105</gpxtpx:hr>
     </gpxtpx:TrackPointExtension>
    </extensions>
   </trkpt>
   <trkpt lat="36.4087392" lon="30.4917007">
    <ele>0.1</ele>
    <time>2026-09-22T12:05:01Z</time>
    <extensions>
     <gpxtpx:TrackPointExtension>
      <gpxtpx:atemp>29</gpxtpx:atemp>
      <gpxtpx:hr>106</gpxtpx:hr>
     </gpxtpx:TrackPointExtension>
    </extensions>
   </trkpt>
   <trkpt lat="36.4087160" lon="30.4916085">
    <ele>0.6</ele>
    <time>2026-09-22T12:05:04Z</time>
    <extensions>
     <gpxtpx:TrackPointExtension>
      <gpxtpx:atemp>29</gpxtpx:atemp>
      <gpxtpx:hr>106</gpxtpx:hr>
     </gpxtpx:TrackPointExtension>
    </extensions>
   </trkpt>
   <trkpt lat="36.4086902" lon="30.4915213">
    <ele>0.1</ele>
    <time>2026-09-22T12:05:07Z</time>
    <extensions>
     <gpxtpx:TrackPointExtension>
      <gpxtpx:atemp>29</gpxtpx:atemp>
      <gpxtpx:hr>106</gpxtpx:hr>
     </gpxtpx:TrackPointExtension>
    </extensions>
   </trkpt>
   <trkpt lat="36.4086445" lon="30.4913727">
    <ele>-0.7</ele>
    <time>2026-09-22T12:05:12Z</time>
    <extensions>
     <gpxtpx:TrackPointExtension>
      <gpxtpx:atemp>29</gpxtpx:atemp>
      <gpxtpx:hr>107</gpxtpx:hr>
     </gpxtpx:TrackPointExtension>
    </extensions>
   </trkpt>
   <trkpt lat="36.4086111" lon="30.4912626">
    <ele>-0.5</ele>
    <time>2026-09-22T12:05:16Z</time>
    <extensions>
     <gpxtpx:TrackPointExtension>
      <gpxtpx:atemp>29</gpxtpx:atemp>
      <gpxtpx:hr>107</gpxtpx:hr>
     </gpxtpx:TrackPointExtension>
    </extensions>
   </trkpt>
   <trkpt lat="36.4085793" lon="30.4911420">
    <ele>-0.8</ele>
    <time>2026-09-22T12:05:20Z</time>
    <extensions>
     <gpxtpx:TrackPointExtension>
      <gpxtpx:atemp>29</gpxtpx:atemp>
      <gpxtpx:hr>107</gpxtpx:hr>
     </gpxtpx:TrackPointExtension>
    </extensions>
   </trkpt>
   <trkpt lat="36.4085423" lon="30.4910259">
    <ele>-0.9</ele>
    <time>2026-09-22T12:05:24Z</time>
    <extensions>
     <gpxtpx:TrackPointExtension>
      <gpxtpx:atemp>29</gpxtpx:atemp>
      <gpxtpx:hr>106</gpxtpx:hr>
     </gpxtpx:TrackPointExtension>
    </extensions>
   </trkpt>
   <trkpt lat="36.4084990" lon="30.4908765">
    <ele>-0.7</ele>
    <time>2026-09-22T12:05:29Z</time>
    <extensions>
     <gpxtpx:TrackPointExtension>
      <gpxtpx:atemp>30</gpxtpx:atemp>
      <gpxtpx:hr>107</gpxtpx:hr>
     </gpxtpx:TrackPointExtension>
    </extensions>
   </trkpt>
   <trkpt lat="36.4084574" lon="30.4907337">
    <ele>-0.1</ele>
    <time>2026-09-22T12:05:34Z</time>
    <extensions>
     <gpxtpx:TrackPointExtension>
      <gpxtpx:atemp>29</gpxtpx:atemp>
      <gpxtpx:hr>107</gpxtpx:hr>
     </gpxtpx:TrackPointExtension>
    </extensions>
   </trkpt>
   <trkpt lat="36.4084135" lon="30.4905882">
    <ele>-0.1</ele>
    <time>2026-09-22T12:05:39Z</time>
    <extensions>
     <gpxtpx:TrackPointExtension>
      <gpxtpx:atemp>30</gpxtpx:atemp>
      <gpxtpx:hr>107</gpxtpx:hr>
     </gpxtpx:TrackPointExtension>
    </extensions>
   </trkpt>
   <trkpt lat="36.4083637" lon="30.4904124">
    <ele>0.6</ele>
    <time>2026-09-22T12:05:45Z</time>
    <extensions>
     <gpxtpx:TrackPointExtension>
      <gpxtpx:atemp>30</gpxtpx:atemp>
      <gpxtpx:hr>105</gpxtpx:hr>
     </gpxtpx:TrackPointExtension>
    </extensions>
   </trkpt>
   <trkpt lat="36.4083171" lon="30.4902459">
    <ele>0.5</ele>
    <time>2026-09-22T12:05:51Z</time>
    <extensions>
     <gpxtpx:TrackPointExtension>
      <gpxtpx:atemp>30</gpxtpx:atemp>
      <gpxtpx:hr>107</gpxtpx:hr>
     </gpxtpx:TrackPointExtension>
    </extensions>
   </trkpt>
   <trkpt lat="36.4082925" lon="30.4901608">
    <ele>0.1</ele>
    <time>2026-09-22T12:05:54Z</time>
    <extensions>
     <gpxtpx:TrackPointExtension>
      <gpxtpx:atemp>30</gpxtpx:atemp>
      <gpxtpx:hr>110</gpxtpx:hr>
     </gpxtpx:TrackPointExtension>
    </extensions>
   </trkpt>
   <trkpt lat="36.4082412" lon="30.4899983">
    <ele>-0.5</ele>
    <time>2026-09-22T12:06:00Z</time>
    <extensions>
     <gpxtpx:TrackPointExtension>
      <gpxtpx:atemp>30</gpxtpx:atemp>
      <gpxtpx:hr>111</gpxtpx:hr>
     </gpxtpx:TrackPointExtension>
    </extensions>
   </trkpt>
   <trkpt lat="36.4082017" lon="30.4898655">
    <ele>-0.7</ele>
    <time>2026-09-22T12:06:05Z</time>
    <extensions>
     <gpxtpx:TrackPointExtension>
      <gpxtpx:atemp>30</gpxtpx:atemp>
      <gpxtpx:hr>110</gpxtpx:hr>
     </gpxtpx:TrackPointExtension>
    </extensions>
   </trkpt>
   <trkpt lat="36.4081652" lon="30.4897359">
    <ele>-1.2</ele>
    <time>2026-09-22T12:06:10Z</time>
    <extensions>
     <gpxtpx:TrackPointExtension>
      <gpxtpx:atemp>30</gpxtpx:atemp>
      <gpxtpx:hr>110</gpxtpx:hr>
     </gpxtpx:TrackPointExtension>
    </extensions>
   </trkpt>
   <trkpt lat="36.4081145" lon="30.4895765">
    <ele>0.3</ele>
    <time>2026-09-22T12:06:16Z</time>
    <extensions>
     <gpxtpx:TrackPointExtension>
      <gpxtpx:atemp>30</gpxtpx:atemp>
      <gpxtpx:hr>111</gpxtpx:hr>
     </gpxtpx:TrackPointExtension>
    </extensions>
   </trkpt>
   <trkpt lat="36.4080815" lon="30.4894668">
    <ele>0.8</ele>
    <time>2026-09-22T12:06:20Z</time>
    <extensions>
     <gpxtpx:TrackPointExtension>
      <gpxtpx:atemp>30</gpxtpx:atemp>
      <gpxtpx:hr>110</gpxtpx:hr>
     </gpxtpx:TrackPointExtension>
    </extensions>
   </trkpt>
   <trkpt lat="36.4080482" lon="30.4893530">
    <ele>-0.1</ele>
    <time>2026-09-22T12:06:24Z</time>
    <extensions>
     <gpxtpx:TrackPointExtension>
      <gpxtpx:atemp>30</gpxtpx:atemp>
      <gpxtpx:hr>111</gpxtpx:hr>
     </gpxtpx:TrackPointExtension>
    </extensions>
   </trkpt>
   <trkpt lat="36.4080169" lon="30.4892873">
    <ele>0.6</ele>
    <time>2026-09-22T12:06:27Z</time>
    <extensions>
     <gpxtpx:TrackPointExtension>
      <gpxtpx:atemp>30</gpxtpx:atemp>
      <gpxtpx:hr>112</gpxtpx:hr>
     </gpxtpx:TrackPointExtension>
    </extensions>
   </trkpt>
   <trkpt lat="36.4079901" lon="30.4892326">
    <ele>0.3</ele>
    <time>2026-09-22T12:06:30Z</time>
    <extensions>
     <gpxtpx:TrackPointExtension>
      <gpxtpx:atemp>30</gpxtpx:atemp>
      <gpxtpx:hr>110</gpxtpx:hr>
     </gpxtpx:TrackPointExtension>
    </extensions>
   </trkpt>
   <trkpt lat="36.4079709" lon="30.4891862">
    <ele>0.4</ele>
    <time>2026-09-22T12:06:33Z</time>
    <extensions>
     <gpxtpx:TrackPointExtension>
      <gpxtpx:atemp>30</gpxtpx:atemp>
      <gpxtpx:hr>108</gpxtpx:hr>
     </gpxtpx:TrackPointExtension>
    </extensions>
   </trkpt>
   <trkpt lat="36.4079454" lon="30.4891327">
    <ele>0.1</ele>
    <time>2026-09-22T12:06:37Z</time>
    <extensions>
     <gpxtpx:TrackPointExtension>
      <gpxtpx:atemp>30</gpxtpx:atemp>
      <gpxtpx:hr>107</gpxtpx:hr>
     </gpxtpx:TrackPointExtension>
    </extensions>
   </trkpt>
   <trkpt lat="36.4079238" lon="30.4890737">
    <ele>-0.3</ele>
    <time>2026-09-22T12:06:42Z</time>
    <extensions>
     <gpxtpx:TrackPointExtension>
      <gpxtpx:atemp>30</gpxtpx:atemp>
      <gpxtpx:hr>105</gpxtpx:hr>
     </gpxtpx:TrackPointExtension>
    </extensions>
   </trkpt>
   <trkpt lat="36.4078952" lon="30.4890154">
    <ele>-0.7</ele>
    <time>2026-09-22T12:06:48Z</time>
    <extensions>
     <gpxtpx:TrackPointExtension>
      <gpxtpx:atemp>30</gpxtpx:atemp>
      <gpxtpx:hr>103</gpxtpx:hr>
     </gpxtpx:TrackPointExtension>
    </extensions>
   </trkpt>
   <trkpt lat="36.4078767" lon="30.4889687">
    <ele>-0.0</ele>
    <time>2026-09-22T12:06:53Z</time>
    <extensions>
     <gpxtpx:TrackPointExtension>
      <gpxtpx:atemp>30</gpxtpx:atemp>
      <gpxtpx:hr>103</gpxtpx:hr>
     </gpxtpx:TrackPointExtension>
    </extensions>
   </trkpt>
   <trkpt lat="36.4078570" lon="30.4889266">
    <ele>0.4</ele>
    <time>2026-09-22T12:06:58Z</time>
    <extensions>
     <gpxtpx:TrackPointExtension>
      <gpxtpx:atemp>30</gpxtpx:atemp>
      <gpxtpx:hr>102</gpxtpx:hr>
     </gpxtpx:TrackPointExtension>
    </extensions>
   </trkpt>
   <trkpt lat="36.4078411" lon="30.4888832">
    <ele>0.8</ele>
    <time>2026-09-22T12:07:03Z</time>
    <extensions>
     <gpxtpx:TrackPointExtension>
      <gpxtpx:atemp>30</gpxtpx:atemp>
      <gpxtpx:hr>103</gpxtpx:hr>
     </gpxtpx:TrackPointExtension>
    </extensions>
   </trkpt>
   <trkpt lat="36.4078223" lon="30.4888477">
    <ele>-2.1</ele>
    <time>2026-09-22T12:07:08Z</time>
    <extensions>
     <gpxtpx:TrackPointExtension>
      <gpxtpx:atemp>30</gpxtpx:atemp>
      <gpxtpx:hr>100</gpxtpx:hr>
     </gpxtpx:TrackPointExtension>
    </extensions>
   </trkpt>
   <trkpt lat="36.4077995" lon="30.4888026">
    <ele>-0.6</ele>
    <time>2026-09-22T12:07:14Z</time>
    <extensions>
     <gpxtpx:TrackPointExtension>
      <gpxtpx:atemp>30</gpxtpx:atemp>
      <gpxtpx:hr>99</gpxtpx:hr>
     </gpxtpx:TrackPointExtension>
    </extensions>
   </trkpt>
   <trkpt lat="36.4077819" lon="30.4887636">
    <ele>1.4</ele>
    <time>2026-09-22T12:07:19Z</time>
    <extensions>
     <gpxtpx:TrackPointExtension>
      <gpxtpx:atemp>30</gpxtpx:atemp>
      <gpxtpx:hr>100</gpxtpx:hr>
     </gpxtpx:TrackPointExtension>
    </extensions>
   </trkpt>
   <trkpt lat="36.4077617" lon="30.4887138">
    <ele>-0.7</ele>
    <time>2026-09-22T12:07:25Z</time>
    <extensions>
     <gpxtpx:TrackPointExtension>
      <gpxtpx:atemp>30</gpxtpx:atemp>
      <gpxtpx:hr>101</gpxtpx:hr>
     </gpxtpx:TrackPointExtension>
    </extensions>
   </trkpt>
   <trkpt lat="36.4077378" lon="30.4886741">
    <ele>-1.2</ele>
    <time>2026-09-22T12:07:30Z</time>
    <extensions>
     <gpxtpx:TrackPointExtension>
      <gpxtpx:atemp>30</gpxtpx:atemp>
      <gpxtpx:hr>100</gpxtpx:hr>
     </gpxtpx:TrackPointExtension>
    </extensions>
   </trkpt>
   <trkpt lat="36.4077162" lon="30.4886231">
    <ele>0.9</ele>
    <time>2026-09-22T12:07:36Z</time>
    <extensions>
     <gpxtpx:TrackPointExtension>
      <gpxtpx:atemp>29</gpxtpx:atemp>
      <gpxtpx:hr>99</gpxtpx:hr>
     </gpxtpx:TrackPointExtension>
    </extensions>
   </trkpt>
   <trkpt lat="36.4076947" lon="30.4885929">
    <ele>-0.6</ele>
    <time>2026-09-22T12:07:40Z</time>
    <extensions>
     <gpxtpx:TrackPointExtension>
      <gpxtpx:atemp>29</gpxtpx:atemp>
      <gpxtpx:hr>98</gpxtpx:hr>
     </gpxtpx:TrackPointExtension>
    </extensions>
   </trkpt>
   <trkpt lat="36.4076732" lon="30.4885557">
    <ele>0.5</ele>
    <time>2026-09-22T12:07:45Z</time>
    <extensions>
     <gpxtpx:TrackPointExtension>
      <gpxtpx:atemp>29</gpxtpx:atemp>
      <gpxtpx:hr>100</gpxtpx:hr>
     </gpxtpx:TrackPointExtension>
    </extensions>
   </trkpt>
   <trkpt lat="36.4076649" lon="30.4885334">
    <ele>0.2</ele>
    <time>2026-09-22T12:07:48Z</time>
    <extensions>
     <gpxtpx:TrackPointExtension>
      <gpxtpx:atemp>29</gpxtpx:atemp>
      <gpxtpx:hr>100</gpxtpx:hr>
     </gpxtpx:TrackPointExtension>
    </extensions>
   </trkpt>
   <trkpt lat="36.4076538" lon="30.4885030">
    <ele>0.1</ele>
    <time>2026-09-22T12:07:52Z</time>
    <extensions>
     <gpxtpx:TrackPointExtension>
      <gpxtpx:atemp>29</gpxtpx:atemp>
      <gpxtpx:hr>101</gpxtpx:hr>
     </gpxtpx:TrackPointExtension>
    </extensions>
   </trkpt>
   <trkpt lat="36.4076392" lon="30.4884680">
    <ele>-0.6</ele>
    <time>2026-09-22T12:07:56Z</time>
    <extensions>
     <gpxtpx:TrackPointExtension>
      <gpxtpx:atemp>29</gpxtpx:atemp>
      <gpxtpx:hr>101</gpxtpx:hr>
     </gpxtpx:TrackPointExtension>
    </extensions>
   </trkpt>
   <trkpt lat="36.4076174" lon="30.4884255">
    <ele>-0.5</ele>
    <time>2026-09-22T12:08:01Z</time>
    <extensions>
     <gpxtpx:TrackPointExtension>
      <gpxtpx:atemp>29</gpxtpx:atemp>
      <gpxtpx:hr>100</gpxtpx:hr>
     </gpxtpx:TrackPointExtension>
    </extensions>
   </trkpt>
   <trkpt lat="36.4075993" lon="30.4883835">
    <ele>0.1</ele>
    <time>2026-09-22T12:08:06Z</time>
    <extensions>
     <gpxtpx:TrackPointExtension>
      <gpxtpx:atemp>29</gpxtpx:atemp>
      <gpxtpx:hr>99</gpxtpx:hr>
     </gpxtpx:TrackPointExtension>
    </extensions>
   </trkpt>
   <trkpt lat="36.4075878" lon="30.4883474">
    <ele>0.2</ele>
    <time>2026-09-22T12:08:10Z</time>
    <extensions>
     <gpxtpx:TrackPointExtension>
      <gpxtpx:atemp>29</gpxtpx:atemp>
      <gpxtpx:hr>102</gpxtpx:hr>
     </gpxtpx:TrackPointExtension>
    </extensions>
   </trkpt>
   <trkpt lat="36.4075679" lon="30.4883064">
    <ele>-0.4</ele>
    <time>2026-09-22T12:08:15Z</time>
    <extensions>
     <gpxtpx:TrackPointExtension>
      <gpxtpx:atemp>29</gpxtpx:atemp>
      <gpxtpx:hr>100</gpxtpx:hr>
     </gpxtpx:TrackPointExtension>
    </extensions>
   </trkpt>
   <trkpt lat="36.4075536" lon="30.4882638">
    <ele>-0.3</ele>
    <time>2026-09-22T12:08:20Z</time>
    <extensions>
     <gpxtpx:TrackPointExtension>
      <gpxtpx:atemp>29</gpxtpx:atemp>
      <gpxtpx:hr>99</gpxtpx:hr>
     </gpxtpx:TrackPointExtension>
    </extensions>
   </trkpt>
   <trkpt lat="36.4075405" lon="30.4882448">
    <ele>-0.5</ele>
    <time>2026-09-22T12:08:23Z</time>
    <extensions>
     <gpxtpx:TrackPointExtension>
      <gpxtpx:atemp>29</gpxtpx:atemp>
      <gpxtpx:hr>98</gpxtpx:hr>
     </gpxtpx:TrackPointExtension>
    </extensions>
   </trkpt>
   <trkpt lat="36.4075320" lon="30.4882151">
    <ele>-0.0</ele>
    <time>2026-09-22T12:08:26Z</time>
    <extensions>
     <gpxtpx:TrackPointExtension>
      <gpxtpx:atemp>29</gpxtpx:atemp>
      <gpxtpx:hr>97</gpxtpx:hr>
     </gpxtpx:TrackPointExtension>
    </extensions>
   </trkpt>
   <trkpt lat="36.4075166" lon="30.4881773">
    <ele>0.4</ele>
    <time>2026-09-22T12:08:31Z</time>
    <extensions>
     <gpxtpx:TrackPointExtension>
      <gpxtpx:atemp>29</gpxtpx:atemp>
      <gpxtpx:hr>96</gpxtpx:hr>
     </gpxtpx:TrackPointExtension>
    </extensions>
   </trkpt>
   <trkpt lat="36.4074956" lon="30.4881282">
    <ele>0.8</ele>
    <time>2026-09-22T12:08:37Z</time>
    <extensions>
     <gpxtpx:TrackPointExtension>
      <gpxtpx:atemp>29</gpxtpx:atemp>
      <gpxtpx:hr>96</gpxtpx:hr>
     </gpxtpx:TrackPointExtension>
    </extensions>
   </trkpt>
   <trkpt lat="36.4074752" lon="30.4880848">
    <ele>1.5</ele>
    <time>2026-09-22T12:08:42Z</time>
    <extensions>
     <gpxtpx:TrackPointExtension>
      <gpxtpx:atemp>29</gpxtpx:atemp>
      <gpxtpx:hr>98</gpxtpx:hr>
     </gpxtpx:TrackPointExtension>
    </extensions>
   </trkpt>
   <trkpt lat="36.4074561" lon="30.4880450">
    <ele>0.3</ele>
    <time>2026-09-22T12:08:47Z</time>
    <extensions>
     <gpxtpx:TrackPointExtension>
      <gpxtpx:atemp>29</gpxtpx:atemp>
      <gpxtpx:hr>97</gpxtpx:hr>
     </gpxtpx:TrackPointExtension>
    </extensions>
   </trkpt>
   <trkpt lat="36.4074285" lon="30.4879976">
    <ele>0.2</ele>
    <time>2026-09-22T12:08:53Z</time>
    <extensions>
     <gpxtpx:TrackPointExtension>
      <gpxtpx:atemp>29</gpxtpx:atemp>
      <gpxtpx:hr>97</gpxtpx:hr>
     </gpxtpx:TrackPointExtension>
    </extensions>
   </trkpt>
   <trkpt lat="36.4074176" lon="30.4879738">
    <ele>0.5</ele>
    <time>2026-09-22T12:08:56Z</time>
    <extensions>
     <gpxtpx:TrackPointExtension>
      <gpxtpx:atemp>29</gpxtpx:atemp>
      <gpxtpx:hr>96</gpxtpx:hr>
     </gpxtpx:TrackPointExtension>
    </extensions>
   </trkpt>
   <trkpt lat="36.4073984" lon="30.4879407">
    <ele>-1.2</ele>
    <time>2026-09-22T12:09:00Z</time>
    <extensions>
     <gpxtpx:TrackPointExtension>
      <gpxtpx:atemp>29</gpxtpx:atemp>
      <gpxtpx:hr>97</gpxtpx:hr>
     </gpxtpx:TrackPointExtension>
    </extensions>
   </trkpt>
   <trkpt lat="36.4073831" lon="30.4879059">
    <ele>0.7</ele>
    <time>2026-09-22T12:09:04Z</time>
    <extensions>
     <gpxtpx:TrackPointExtension>
      <gpxtpx:atemp>29</gpxtpx:atemp>
      <gpxtpx:hr>97</gpxtpx:hr>
     </gpxtpx:TrackPointExtension>
    </extensions>
   </trkpt>
   <trkpt lat="36.4073743" lon="30.4878865">
    <ele>-1.0</ele>
    <time>2026-09-22T12:09:07Z</time>
    <extensions>
     <gpxtpx:TrackPointExtension>
      <gpxtpx:atemp>29</gpxtpx:atemp>
      <gpxtpx:hr>97</gpxtpx:hr>
     </gpxtpx:TrackPointExtension>
    </extensions>
   </trkpt>
   <trkpt lat="36.4073574" lon="30.4878468">
    <ele>-0.3</ele>
    <time>2026-09-22T12:09:12Z</time>
    <extensions>
     <gpxtpx:TrackPointExtension>
      <gpxtpx:atemp>29</gpxtpx:atemp>
      <gpxtpx:hr>98</gpxtpx:hr>
     </gpxtpx:TrackPointExtension>
    </extensions>
   </trkpt>
   <trkpt lat="36.4073425" lon="30.4878125">
    <ele>-0.0</ele>
    <time>2026-09-22T12:09:16Z</time>
    <extensions>
     <gpxtpx:TrackPointExtension>
      <gpxtpx:atemp>29</gpxtpx:atemp>
      <gpxtpx:hr>97</gpxtpx:hr>
     </gpxtpx:TrackPointExtension>
    </extensions>
   </trkpt>
   <trkpt lat="36.4073322" lon="30.4877904">
    <ele>-0.2</ele>
    <time>2026-09-22T12:09:19Z</time>
    <extensions>
     <gpxtpx:TrackPointExtension>
      <gpxtpx:atemp>29</gpxtpx:atemp>
      <gpxtpx:hr>97</gpxtpx:hr>
     </gpxtpx:TrackPointExtension>
    </extensions>
   </trkpt>
   <trkpt lat="36.4073140" lon="30.4877484">
    <ele>-0.4</ele>
    <time>2026-09-22T12:09:24Z</time>
    <extensions>
     <gpxtpx:TrackPointExtension>
      <gpxtpx:atemp>29</gpxtpx:atemp>
      <gpxtpx:hr>98</gpxtpx:hr>
     </gpxtpx:TrackPointExtension>
    </extensions>
   </trkpt>
   <trkpt lat="36.4073050" lon="30.4877288">
    <ele>-0.2</ele>
    <time>2026-09-22T12:09:27Z</time>
    <extensions>
     <gpxtpx:TrackPointExtension>
      <gpxtpx:atemp>29</gpxtpx:atemp>
      <gpxtpx:hr>98</gpxtpx:hr>
     </gpxtpx:TrackPointExtension>
    </extensions>
   </trkpt>
   <trkpt lat="36.4072851" lon="30.4876897">
    <ele>-1.4</ele>
    <time>2026-09-22T12:09:32Z</time>
    <extensions>
     <gpxtpx:TrackPointExtension>
      <gpxtpx:atemp>29</gpxtpx:atemp>
      <gpxtpx:hr>98</gpxtpx:hr>
     </gpxtpx:TrackPointExtension>
    </extensions>
   </trkpt>
   <trkpt lat="36.4072716" lon="30.4876662">
    <ele>1.0</ele>
    <time>2026-09-22T12:09:35Z</time>
    <extensions>
     <gpxtpx:TrackPointExtension>
      <gpxtpx:atemp>29</gpxtpx:atemp>
      <gpxtpx:hr>98</gpxtpx:hr>
     </gpxtpx:TrackPointExtension>
    </extensions>
   </trkpt>
   <trkpt lat="36.4072311" lon="30.4875723">
    <ele>-0.4</ele>
    <time>2026-09-22T12:09:47Z</time>
    <extensions>
     <gpxtpx:TrackPointExtension>
      <gpxtpx:atemp>29</gpxtpx:atemp>
      <gpxtpx:hr>98</gpxtpx:hr>
     </gpxtpx:TrackPointExtension>
    </extensions>
   </trkpt>
   <trkpt lat="36.4072182" lon="30.4875414">
    <ele>-0.4</ele>
    <time>2026-09-22T12:09:51Z</time>
    <extensions>
     <gpxtpx:TrackPointExtension>
      <gpxtpx:atemp>29</gpxtpx:atemp>
      <gpxtpx:hr>100</gpxtpx:hr>
     </gpxtpx:TrackPointExtension>
    </extensions>
   </trkpt>
   <trkpt lat="36.4072018" lon="30.4875048">
    <ele>0.5</ele>
    <time>2026-09-22T12:09:56Z</time>
    <extensions>
     <gpxtpx:TrackPointExtension>
      <gpxtpx:atemp>29</gpxtpx:atemp>
      <gpxtpx:hr>98</gpxtpx:hr>
     </gpxtpx:TrackPointExtension>
    </extensions>
   </trkpt>
   <trkpt lat="36.4071834" lon="30.4874696">
    <ele>-0.6</ele>
    <time>2026-09-22T12:10:01Z</time>
    <extensions>
     <gpxtpx:TrackPointExtension>
      <gpxtpx:atemp>29</gpxtpx:atemp>
      <gpxtpx:hr>97</gpxtpx:hr>
     </gpxtpx:TrackPointExtension>
    </extensions>
   </trkpt>
   <trkpt lat="36.4071695" lon="30.4874389">
    <ele>0.2</ele>
    <time>2026-09-22T12:10:06Z</time>
    <extensions>
     <gpxtpx:TrackPointExtension>
      <gpxtpx:atemp>29</gpxtpx:atemp>
      <gpxtpx:hr>97</gpxtpx:hr>
     </gpxtpx:TrackPointExtension>
    </extensions>
   </trkpt>
   <trkpt lat="36.4071348" lon="30.4873673">
    <ele>0.2</ele>
    <time>2026-09-22T12:10:17Z</time>
    <extensions>
     <gpxtpx:TrackPointExtension>
      <gpxtpx:atemp>29</gpxtpx:atemp>
      <gpxtpx:hr>97</gpxtpx:hr>
     </gpxtpx:TrackPointExtension>
    </extensions>
   </trkpt>
   <trkpt lat="36.4071213" lon="30.4873363">
    <ele>1.0</ele>
    <time>2026-09-22T12:10:22Z</time>
    <extensions>
     <gpxtpx:TrackPointExtension>
      <gpxtpx:atemp>29</gpxtpx:atemp>
      <gpxtpx:hr>99</gpxtpx:hr>
     </gpxtpx:TrackPointExtension>
    </extensions>
   </trkpt>
   <trkpt lat="36.4071064" lon="30.4873063">
    <ele>1.5</ele>
    <time>2026-09-22T12:10:27Z</time>
    <extensions>
     <gpxtpx:TrackPointExtension>
      <gpxtpx:atemp>29</gpxtpx:atemp>
      <gpxtpx:hr>97</gpxtpx:hr>
     </gpxtpx:TrackPointExtension>
    </extensions>
   </trkpt>
   <trkpt lat="36.4070945" lon="30.4872738">
    <ele>-0.5</ele>
    <time>2026-09-22T12:10:32Z</time>
    <extensions>
     <gpxtpx:TrackPointExtension>
      <gpxtpx:atemp>29</gpxtpx:atemp>
      <gpxtpx:hr>97</gpxtpx:hr>
     </gpxtpx:TrackPointExtension>
    </extensions>
   </trkpt>
   <trkpt lat="36.4070754" lon="30.4872445">
    <ele>0.8</ele>
    <time>2026-09-22T12:10:37Z</time>
    <extensions>
     <gpxtpx:TrackPointExtension>
      <gpxtpx:atemp>29</gpxtpx:atemp>
      <gpxtpx:hr>96</gpxtpx:hr>
     </gpxtpx:TrackPointExtension>
    </extensions>
   </trkpt>
   <trkpt lat="36.4070625" lon="30.4872124">
    <ele>0.7</ele>
    <time>2026-09-22T12:10:42Z</time>
    <extensions>
     <gpxtpx:TrackPointExtension>
      <gpxtpx:atemp>29</gpxtpx:atemp>
      <gpxtpx:hr>95</gpxtpx:hr>
     </gpxtpx:TrackPointExtension>
    </extensions>
   </trkpt>
   <trkpt lat="36.4070460" lon="30.4871775">
    <ele>0.9</ele>
    <time>2026-09-22T12:10:47Z</time>
    <extensions>
     <gpxtpx:TrackPointExtension>
      <gpxtpx:atemp>29</gpxtpx:atemp>
      <gpxtpx:hr>97</gpxtpx:hr>
     </gpxtpx:TrackPointExtension>
    </extensions>
   </trkpt>
   <trkpt lat="36.4070313" lon="30.4871482">
    <ele>0.1</ele>
    <time>2026-09-22T12:10:52Z</time>
    <extensions>
     <gpxtpx:TrackPointExtension>
      <gpxtpx:atemp>29</gpxtpx:atemp>
      <gpxtpx:hr>99</gpxtpx:hr>
     </gpxtpx:TrackPointExtension>
    </extensions>
   </trkpt>
   <trkpt lat="36.4070243" lon="30.4871275">
    <ele>0.7</ele>
    <time>2026-09-22T12:10:56Z</time>
    <extensions>
     <gpxtpx:TrackPointExtension>
      <gpxtpx:atemp>29</gpxtpx:atemp>
      <gpxtpx:hr>99</gpxtpx:hr>
     </gpxtpx:TrackPointExtension>
    </extensions>
   </trkpt>
   <trkpt lat="36.4070154" lon="30.4871123">
    <ele>-0.5</ele>
    <time>2026-09-22T12:10:59Z</time>
    <extensions>
     <gpxtpx:TrackPointExtension>
      <gpxtpx:atemp>29</gpxtpx:atemp>
      <gpxtpx:hr>99</gpxtpx:hr>
     </gpxtpx:TrackPointExtension>
    </extensions>
   </trkpt>
   <trkpt lat="36.4070024" lon="30.4870832">
    <ele>-0.0</ele>
    <time>2026-09-22T12:11:05Z</time>
    <extensions>
     <gpxtpx:TrackPointExtension>
      <gpxtpx:atemp>29</gpxtpx:atemp>
      <gpxtpx:hr>99</gpxtpx:hr>
     </gpxtpx:TrackPointExtension>
    </extensions>
   </trkpt>
   <trkpt lat="36.4069905" lon="30.4870656">
    <ele>0.5</ele>
    <time>2026-09-22T12:11:08Z</time>
    <extensions>
     <gpxtpx:TrackPointExtension>
      <gpxtpx:atemp>29</gpxtpx:atemp>
      <gpxtpx:hr>98</gpxtpx:hr>
     </gpxtpx:TrackPointExtension>
    </extensions>
   </trkpt>
   <trkpt lat="36.4069774" lon="30.4870349">
    <ele>0.9</ele>
    <time>2026-09-22T12:11:13Z</time>
    <extensions>
     <gpxtpx:TrackPointExtension>
      <gpxtpx:atemp>29</gpxtpx:atemp>
      <gpxtpx:hr>96</gpxtpx:hr>
     </gpxtpx:TrackPointExtension>
    </extensions>
   </trkpt>
   <trkpt lat="36.4069629" lon="30.4870093">
    <ele>-1.0</ele>
    <time>2026-09-22T12:11:18Z</time>
    <extensions>
     <gpxtpx:TrackPointExtension>
      <gpxtpx:atemp>29</gpxtpx:atemp>
      <gpxtpx:hr>97</gpxtpx:hr>
     </gpxtpx:TrackPointExtension>
    </extensions>
   </trkpt>
   <trkpt lat="36.4069464" lon="30.4869824">
    <ele>-0.2</ele>
    <time>2026-09-22T12:11:24Z</time>
    <extensions>
     <gpxtpx:TrackPointExtension>
      <gpxtpx:atemp>30</gpxtpx:atemp>
      <gpxtpx:hr>96</gpxtpx:hr>
     </gpxtpx:TrackPointExtension>
    </extensions>
   </trkpt>
   <trkpt lat="36.4069294" lon="30.4869560">
    <ele>0.2</ele>
    <time>2026-09-22T12:11:30Z</time>
    <extensions>
     <gpxtpx:TrackPointExtension>
      <gpxtpx:atemp>29</gpxtpx:atemp>
      <gpxtpx:hr>97</gpxtpx:hr>
     </gpxtpx:TrackPointExtension>
    </extensions>
   </trkpt>
   <trkpt lat="36.4069159" lon="30.4869275">
    <ele>-0.1</ele>
    <time>2026-09-22T12:11:36Z</time>
    <extensions>
     <gpxtpx:TrackPointExtension>
      <gpxtpx:atemp>30</gpxtpx:atemp>
      <gpxtpx:hr>97</gpxtpx:hr>
     </gpxtpx:TrackPointExtension>
    </extensions>
   </trkpt>
   <trkpt lat="36.4069015" lon="30.4869036">
    <ele>-0.0</ele>
    <time>2026-09-22T12:11:42Z</time>
    <extensions>
     <gpxtpx:TrackPointExtension>
      <gpxtpx:atemp>30</gpxtpx:atemp>
      <gpxtpx:hr>97</gpxtpx:hr>
     </gpxtpx:TrackPointExtension>
    </extensions>
   </trkpt>
   <trkpt lat="36.4068882" lon="30.4868810">
    <ele>1.5</ele>
    <time>2026-09-22T12:11:47Z</time>
    <extensions>
     <gpxtpx:TrackPointExtension>
      <gpxtpx:atemp>30</gpxtpx:atemp>
      <gpxtpx:hr>96</gpxtpx:hr>
     </gpxtpx:TrackPointExtension>
    </extensions>
   </trkpt>
   <trkpt lat="36.4068872" lon="30.4868663">
    <ele>0.8</ele>
    <time>2026-09-22T12:11:50Z</time>
    <extensions>
     <gpxtpx:TrackPointExtension>
      <gpxtpx:atemp>29</gpxtpx:atemp>
      <gpxtpx:hr>98</gpxtpx:hr>
     </gpxtpx:TrackPointExtension>
    </extensions>
   </trkpt>
   <trkpt lat="36.4068772" lon="30.4868545">
    <ele>-0.4</ele>
    <time>2026-09-22T12:11:53Z</time>
    <extensions>
     <gpxtpx:TrackPointExtension>
      <gpxtpx:atemp>29</gpxtpx:atemp>
      <gpxtpx:hr>99</gpxtpx:hr>
     </gpxtpx:TrackPointExtension>
    </extensions>
   </trkpt>
   <trkpt lat="36.4068734" lon="30.4868416">
    <ele>-1.1</ele>
    <time>2026-09-22T12:11:56Z</time>
    <extensions>
     <gpxtpx:TrackPointExtension>
      <gpxtpx:atemp>29</gpxtpx:atemp>
      <gpxtpx:hr>99</gpxtpx:hr>
     </gpxtpx:TrackPointExtension>
    </extensions>
   </trkpt>
   <trkpt lat="36.4068629" lon="30.4868253">
    <ele>0.5</ele>
    <time>2026-09-22T12:12:00Z</time>
    <extensions>
     <gpxtpx:TrackPointExtension>
      <gpxtpx:atemp>29</gpxtpx:atemp>
      <gpxtpx:hr>100</gpxtpx:hr>
     </gpxtpx:TrackPointExtension>
    </extensions>
   </trkpt>
   <trkpt lat="36.4068538" lon="30.4868039">
    <ele>-0.5</ele>
    <time>2026-09-22T12:12:05Z</time>
    <extensions>
     <gpxtpx:TrackPointExtension>
      <gpxtpx:atemp>29</gpxtpx:atemp>
      <gpxtpx:hr>101</gpxtpx:hr>
     </gpxtpx:TrackPointExtension>
    </extensions>
   </trkpt>
  </trkseg>
 </trk>
</gpx>
